review_id,hotel_id,rating,publish_decision,rejection_reasons,sentiment,summary
R1,HOTEL_001,3,PUBLISH,[],SENTIMENT_NEUTRAL,"Average stay, decent location"
R2,HOTEL_001,5,REJECT,"[""EMAIL_MENTIONED""]",SENTIMENT_POSITIVE,"Great stay, very clean rooms and friendly staff. Contact: demo@yahoo.com"
R3,HOTEL_001,2,PUBLISH,[],SENTIMENT_NEGATIVE,"Terrible hotel, bathroom was dirty"
R4,HOTEL_001,3,REJECT,"[""PRICE_MENTIONED""]",SENTIMENT_POSITIVE,"Nothing great, nothing terrible. I paid 6000 per night"
R5,HOTEL_001,4,PUBLISH,[],SENTIMENT_POSITIVE,Excellent hotel with nice location
R6,HOTEL_001,5,PUBLISH,[],SENTIMENT_POSITIVE,Amazing service and clean bathroom
R7,HOTEL_001,3,PUBLISH,[],SENTIMENT_NEUTRAL,"Average stay, decent location"
R8,HOTEL_001,1,PUBLISH,[],SENTIMENT_NEGATIVE,Poor maintenance and rude staff. Price is too high for this hotel
R9,HOTEL_001,2,REJECT,"[""PRICE_MENTIONED""]",SENTIMENT_NEGATIVE,"Bad experience, noisy at night. Tariff was 5000 INR"
R10,HOTEL_001,3,PUBLISH,[],SENTIMENT_NEUTRAL,Rooms were fine but service was slow
R11,HOTEL_001,4,REJECT,"[""PRICE_MENTIONED""]",SENTIMENT_POSITIVE,"Great stay, very clean rooms and friendly staff. Cost was ₹4500"
R12,HOTEL_001,2,REJECT,"[""PHONE_NUMBER_MENTIONED""]",SENTIMENT_POSITIVE,"Not good, rooms were smelly. Call me at 9876543210"
R13,HOTEL_001,3,PUBLISH,[],SENTIMENT_NEUTRAL,"Okay experience, food was average"
R14,HOTEL_001,4,REJECT,"[""LINK_MENTIONED""]",SENTIMENT_POSITIVE,"Great stay, very clean rooms and friendly staff. Check www.fakehotel.com"
R15,HOTEL_001,3,PUBLISH,[],SENTIMENT_POSITIVE,"Nothing great, nothing terrible"
R16,HOTEL_001,2,REJECT,"[""PHONE_NUMBER_MENTIONED""]",SENTIMENT_NEGATIVE,"Terrible hotel, bathroom was dirty. My number is 9123456789"
R17,HOTEL_001,3,REJECT,"[""PHONE_NUMBER_MENTIONED""]",SENTIMENT_NEUTRAL,Rooms were fine but service was slow. Call me at 9876543210
R18,HOTEL_001,3,REJECT,"[""PRICE_MENTIONED""]",SENTIMENT_NEUTRAL,"Okay experience, food was average. Tariff was 5000 INR"
R19,HOTEL_001,5,PUBLISH,[],SENTIMENT_POSITIVE,"Very nice hotel, will visit again"
R20,HOTEL_001,3,PUBLISH,[],SENTIMENT_NEUTRAL,"Hotel was okay, nothing special"
R21,HOTEL_001,1,PUBLISH,[],SENTIMENT_NEGATIVE,"Terrible hotel, bathroom was dirty"
R22,HOTEL_001,3,PUBLISH,[],SENTIMENT_NEUTRAL,Rooms were fine but service was slow
R23,HOTEL_001,1,REJECT,"[""PRICE_MENTIONED""]",SENTIMENT_NEGATIVE,"Worst stay ever, very dirty rooms"
R24,HOTEL_001,1,REJECT,"[""PRICE_MENTIONED""]",SENTIMENT_NEGATIVE,"Worst stay ever, very dirty rooms"
R25,HOTEL_001,2,REJECT,"[""PRICE_MENTIONED""]",SENTIMENT_NEGATIVE,"Worst stay ever, very dirty rooms"
R26,HOTEL_001,3,PUBLISH,[],SENTIMENT_NEUTRAL,"Okay experience, food was average"
R27,HOTEL_001,4,PUBLISH,[],SENTIMENT_POSITIVE,"Very nice hotel, will visit again"
R28,HOTEL_001,3,REJECT,"[""PHONE_NUMBER_MENTIONED"", ""LINK_MENTIONED""]",SENTIMENT_NEUTRAL,"Average stay, decent location. My number is 9123456789. More details at http://s..."
R29,HOTEL_001,4,PUBLISH,[],SENTIMENT_POSITIVE,Excellent hotel with nice location
R30,HOTEL_001,3,PUBLISH,[],SENTIMENT_NEUTRAL,"Hotel was okay, nothing special"
R31,HOTEL_001,2,PUBLISH,[],SENTIMENT_NEGATIVE,Poor maintenance and rude staff
R32,HOTEL_001,1,REJECT,"[""PRICE_MENTIONED""]",SENTIMENT_NEGATIVE,"Terrible hotel, bathroom was dirty. I paid 6000 per night"
R33,HOTEL_001,3,REJECT,"[""PRICE_MENTIONED""]",SENTIMENT_POSITIVE,"Nothing great, nothing terrible. I paid 6000 per night"
R34,HOTEL_001,1,PUBLISH,[],SENTIMENT_NEGATIVE,"Bad experience, noisy at night"
R35,HOTEL_001,5,REJECT,"[""PHONE_NUMBER_MENTIONED""]",SENTIMENT_POSITIVE,Amazing service and clean bathroom. Call me at 9876543210
R36,HOTEL_001,5,REJECT,"[""PRICE_MENTIONED""]",SENTIMENT_POSITIVE,"Great stay, very clean rooms and friendly staff. Tariff was 5000 INR"
R37,HOTEL_001,5,REJECT,"[""PRICE_MENTIONED""]",SENTIMENT_POSITIVE,"Great stay, very clean rooms and friendly staff. I paid 6000 per night"
R38,HOTEL_001,3,REJECT,"[""LINK_MENTIONED""]",SENTIMENT_NEUTRAL,"Average stay, decent location. More details at http://spamlink.com"
R39,HOTEL_001,4,PUBLISH,[],SENTIMENT_POSITIVE,"Very nice hotel, will visit again"
R40,HOTEL_001,4,REJECT,"[""PRICE_MENTIONED"", ""LINK_MENTIONED""]",SENTIMENT_NEUTRAL,Loved the breakfast and the staff behavior. I paid 6000 per night. Check www.fak...
R41,HOTEL_001,3,REJECT,"[""PRICE_MENTIONED""]",SENTIMENT_NEUTRAL,"Average stay, decent location. Cost was ₹4500"
R42,HOTEL_001,5,PUBLISH,[],SENTIMENT_NEUTRAL,Loved the breakfast and the staff behavior
R43,HOTEL_001,4,PUBLISH,[],SENTIMENT_POSITIVE,Excellent hotel with nice location
R44,HOTEL_001,3,REJECT,"[""PRICE_MENTIONED"", ""PHONE_NUMBER_MENTIONED""]",SENTIMENT_POSITIVE,"Nothing great, nothing terrible. Tariff was 5000 INR. My number is 9123456789"
R45,HOTEL_001,2,REJECT,"[""PRICE_MENTIONED"", ""PHONE_NUMBER_MENTIONED"", ""EMAIL_MENTIONED""]",SENTIMENT_NEGATIVE,"Terrible hotel, bathroom was dirty. Cost was ₹4500. My number is 9123456789. Ema..."
R46,HOTEL_001,3,REJECT,"[""PHONE_NUMBER_MENTIONED"", ""EMAIL_MENTIONED""]",SENTIMENT_NEUTRAL,"Hotel was okay, nothing special. Price is too high for this hotel. My number is ..."
R47,HOTEL_001,1,PUBLISH,[],SENTIMENT_POSITIVE,"Not good, rooms were smelly"
R48,HOTEL_001,5,PUBLISH,[],SENTIMENT_POSITIVE,Amazing service and clean bathroom
R49,HOTEL_001,4,PUBLISH,[],SENTIMENT_POSITIVE,"Very nice hotel, will visit again"
R50,HOTEL_001,1,PUBLISH,[],SENTIMENT_NEGATIVE,"Terrible hotel, bathroom was dirty. Price is too high for this hotel"
R51,HOTEL_001,2,REJECT,"[""PHONE_NUMBER_MENTIONED""]",SENTIMENT_NEGATIVE,Poor maintenance and rude staff. Price is too high for this hotel. My number is ...
R52,HOTEL_001,1,PUBLISH,[],SENTIMENT_POSITIVE,"Not good, rooms were smelly"
R53,HOTEL_001,5,REJECT,"[""EMAIL_MENTIONED""]",SENTIMENT_POSITIVE,Excellent hotel with nice location. Email me at test@gmail.com
R54,HOTEL_001,3,PUBLISH,[],SENTIMENT_POSITIVE,"Nothing great, nothing terrible"
R55,HOTEL_001,4,PUBLISH,[],SENTIMENT_POSITIVE,Excellent hotel with nice location
R56,HOTEL_001,4,PUBLISH,[],SENTIMENT_NEUTRAL,Loved the breakfast and the staff behavior
R57,HOTEL_001,3,PUBLISH,[],SENTIMENT_NEUTRAL,"Okay experience, food was average"
R58,HOTEL_001,5,REJECT,"[""PRICE_MENTIONED""]",SENTIMENT_POSITIVE,"Great stay, very clean rooms and friendly staff. Cost was ₹4500"
R59,HOTEL_001,1,PUBLISH,[],SENTIMENT_NEGATIVE,"Terrible hotel, bathroom was dirty"
R60,HOTEL_001,5,REJECT,"[""PRICE_MENTIONED""]",SENTIMENT_NEUTRAL,Loved the breakfast and the staff behavior. I paid 6000 per night
R61,HOTEL_001,1,REJECT,"[""PRICE_MENTIONED"", ""PHONE_NUMBER_MENTIONED""]",SENTIMENT_NEGATIVE,"Worst stay ever, very dirty rooms. Cost was ₹4500. Call me at 9876543210"
R62,HOTEL_001,5,PUBLISH,[],SENTIMENT_POSITIVE,"Great stay, very clean rooms and friendly staff"
R63,HOTEL_001,5,PUBLISH,[],SENTIMENT_POSITIVE,Amazing service and clean bathroom
R64,HOTEL_001,2,PUBLISH,[],SENTIMENT_POSITIVE,"Not good, rooms were smelly"
R65,HOTEL_001,5,REJECT,"[""PHONE_NUMBER_MENTIONED""]",SENTIMENT_POSITIVE,"Great stay, very clean rooms and friendly staff. Call me at 9876543210"
R66,HOTEL_001,1,REJECT,"[""PRICE_MENTIONED""]",SENTIMENT_NEGATIVE,"Worst stay ever, very dirty rooms. I paid 6000 per night"
R67,HOTEL_001,5,REJECT,"[""EMAIL_MENTIONED"", ""LINK_MENTIONED""]",SENTIMENT_NEUTRAL,Loved the breakfast and the staff behavior. Contact: demo@yahoo.com. More detail...
R68,HOTEL_001,3,REJECT,"[""EMAIL_MENTIONED"", ""LINK_MENTIONED""]",SENTIMENT_NEUTRAL,"Hotel was okay, nothing special. Contact: demo@yahoo.com. Check www.fakehotel.co..."
R69,HOTEL_001,4,REJECT,"[""PRICE_MENTIONED"", ""PHONE_NUMBER_MENTIONED""]",SENTIMENT_POSITIVE,Excellent hotel with nice location. Tariff was 5000 INR. My number is 9123456789
R70,HOTEL_001,2,PUBLISH,[],SENTIMENT_NEGATIVE,Poor maintenance and rude staff
R71,HOTEL_001,4,PUBLISH,[],SENTIMENT_POSITIVE,"Very nice hotel, will visit again"
R72,HOTEL_001,3,REJECT,"[""LINK_MENTIONED""]",SENTIMENT_NEUTRAL,"Average stay, decent location. Check www.fakehotel.com"
R73,HOTEL_001,1,PUBLISH,[],SENTIMENT_NEGATIVE,Poor maintenance and rude staff
R74,HOTEL_001,3,REJECT,"[""PRICE_MENTIONED""]",SENTIMENT_NEUTRAL,"Average stay, decent location. Cost was ₹4500"
R75,HOTEL_001,2,PUBLISH,[],SENTIMENT_NEGATIVE,"Bad experience, noisy at night"
R76,HOTEL_001,3,PUBLISH,[],SENTIMENT_NEUTRAL,"Hotel was okay, nothing special. Price is too high for this hotel"
R77,HOTEL_001,4,PUBLISH,[],SENTIMENT_POSITIVE,"Great stay, very clean rooms and friendly staff"
R78,HOTEL_001,1,PUBLISH,[],SENTIMENT_POSITIVE,"Not good, rooms were smelly"
R79,HOTEL_001,4,REJECT,"[""LINK_MENTIONED""]",SENTIMENT_POSITIVE,Amazing service and clean bathroom. Check www.fakehotel.com
R80,HOTEL_001,2,PUBLISH,[],SENTIMENT_NEGATIVE,"Terrible hotel, bathroom was dirty"
R81,HOTEL_001,2,REJECT,"[""PRICE_MENTIONED"", ""LINK_MENTIONED""]",SENTIMENT_NEGATIVE,"Terrible hotel, bathroom was dirty. Tariff was 5000 INR. Check www.fakehotel.com"
R82,HOTEL_001,4,REJECT,"[""PRICE_MENTIONED""]",SENTIMENT_POSITIVE,"Great stay, very clean rooms and friendly staff. Tariff was 5000 INR"
R83,HOTEL_001,4,REJECT,"[""PHONE_NUMBER_MENTIONED"", ""LINK_MENTIONED""]",SENTIMENT_POSITIVE,"Great stay, very clean rooms and friendly staff. Call me at 9876543210. Check ww..."
R84,HOTEL_001,4,PUBLISH,[],SENTIMENT_POSITIVE,"Great stay, very clean rooms and friendly staff"
R85,HOTEL_001,5,REJECT,"[""EMAIL_MENTIONED""]",SENTIMENT_POSITIVE,"Very nice hotel, will visit again. Email me at test@gmail.com"
R86,HOTEL_001,4,REJECT,"[""PRICE_MENTIONED""]",SENTIMENT_NEUTRAL,Loved the breakfast and the staff behavior. Tariff was 5000 INR
R87,HOTEL_001,4,PUBLISH,[],SENTIMENT_POSITIVE,Amazing service and clean bathroom. Price is too high for this hotel
R88,HOTEL_001,5,PUBLISH,[],SENTIMENT_NEUTRAL,Loved the breakfast and the staff behavior
R89,HOTEL_001,3,REJECT,"[""PRICE_MENTIONED""]",SENTIMENT_POSITIVE,"Nothing great, nothing terrible. Tariff was 5000 INR"
R90,HOTEL_001,1,REJECT,"[""PHONE_NUMBER_MENTIONED""]",SENTIMENT_NEGATIVE,Poor maintenance and rude staff. Call me at 9876543210
R91,HOTEL_001,3,PUBLISH,[],SENTIMENT_NEUTRAL,"Hotel was okay, nothing special"
R92,HOTEL_001,5,REJECT,"[""PRICE_MENTIONED""]",SENTIMENT_POSITIVE,"Very nice hotel, will visit again. I paid 6000 per night"
R93,HOTEL_001,2,PUBLISH,[],SENTIMENT_NEGATIVE,"Bad experience, noisy at night"
R94,HOTEL_001,3,PUBLISH,[],SENTIMENT_POSITIVE,"Nothing great, nothing terrible"
R95,HOTEL_001,3,PUBLISH,[],SENTIMENT_NEUTRAL,"Okay experience, food was average"
R96,HOTEL_001,3,REJECT,"[""PRICE_MENTIONED""]",SENTIMENT_NEUTRAL,"Average stay, decent location. Tariff was 5000 INR"
R97,HOTEL_001,3,PUBLISH,[],SENTIMENT_NEUTRAL,Rooms were fine but service was slow
R98,HOTEL_001,4,PUBLISH,[],SENTIMENT_POSITIVE,Amazing service and clean bathroom
R99,HOTEL_001,3,PUBLISH,[],SENTIMENT_NEUTRAL,"Okay experience, food was average. Price is too high for this hotel"
R100,HOTEL_001,1,REJECT,"[""PHONE_NUMBER_MENTIONED""]",SENTIMENT_NEGATIVE,"Terrible hotel, bathroom was dirty. Call me at 9876543210"
R101,HOTEL_001,3,REJECT,"[""PRICE_MENTIONED""]",SENTIMENT_POSITIVE,"Nothing great, nothing terrible. Cost was ₹4500"
R102,HOTEL_001,2,PUBLISH,[],SENTIMENT_NEGATIVE,Poor maintenance and rude staff
R103,HOTEL_001,3,REJECT,"[""PHONE_NUMBER_MENTIONED"", ""EMAIL_MENTIONED""]",SENTIMENT_NEUTRAL,Rooms were fine but service was slow. Call me at 9876543210. Contact: demo@yahoo...
R104,HOTEL_001,4,REJECT,"[""PRICE_MENTIONED"", ""PHONE_NUMBER_MENTIONED"", ""EMAIL_MENTIONED""]",SENTIMENT_NEUTRAL,Loved the breakfast and the staff behavior. Tariff was 5000 INR. My number is 91...
R105,HOTEL_001,3,PUBLISH,[],SENTIMENT_NEUTRAL,"Average stay, decent location"
R106,HOTEL_001,1,REJECT,"[""PRICE_MENTIONED"", ""PHONE_NUMBER_MENTIONED""]",SENTIMENT_POSITIVE,"Not good, rooms were smelly. I paid 6000 per night. My number is 9123456789"
R107,HOTEL_001,3,PUBLISH,[],SENTIMENT_NEUTRAL,Rooms were fine but service was slow
R108,HOTEL_001,1,PUBLISH,[],SENTIMENT_POSITIVE,"Not good, rooms were smelly"
R109,HOTEL_001,2,REJECT,"[""LINK_MENTIONED""]",SENTIMENT_NEGATIVE,"Terrible hotel, bathroom was dirty. Check www.fakehotel.com"
R110,HOTEL_001,3,PUBLISH,[],SENTIMENT_POSITIVE,"Nothing great, nothing terrible"
R111,HOTEL_001,3,PUBLISH,[],SENTIMENT_POSITIVE,"Nothing great, nothing terrible"
R112,HOTEL_001,2,REJECT,"[""LINK_MENTIONED""]",SENTIMENT_NEGATIVE,"Bad experience, noisy at night. More details at http://spamlink.com"
R113,HOTEL_001,2,REJECT,"[""EMAIL_MENTIONED""]",SENTIMENT_NEGATIVE,Poor maintenance and rude staff. Contact: demo@yahoo.com
R114,HOTEL_001,3,PUBLISH,[],SENTIMENT_NEUTRAL,"Okay experience, food was average"
R115,HOTEL_001,3,REJECT,"[""PRICE_MENTIONED"", ""PHONE_NUMBER_MENTIONED""]",SENTIMENT_NEUTRAL,"Average stay, decent location. Tariff was 5000 INR. My number is 9123456789"
R116,HOTEL_001,1,REJECT,"[""LINK_MENTIONED""]",SENTIMENT_NEGATIVE,Poor maintenance and rude staff. More details at http://spamlink.com
R117,HOTEL_001,3,PUBLISH,[],SENTIMENT_POSITIVE,"Nothing great, nothing terrible"
R118,HOTEL_001,3,REJECT,"[""PRICE_MENTIONED""]",SENTIMENT_NEUTRAL,"Average stay, decent location. Cost was ₹4500"
R119,HOTEL_001,3,REJECT,"[""LINK_MENTIONED""]",SENTIMENT_NEUTRAL,"Hotel was okay, nothing special. Check www.fakehotel.com"
R120,HOTEL_001,3,PUBLISH,[],SENTIMENT_NEUTRAL,Rooms were fine but service was slow
R121,HOTEL_001,5,REJECT,"[""PRICE_MENTIONED""]",SENTIMENT_POSITIVE,Amazing service and clean bathroom. I paid 6000 per night
R122,HOTEL_001,3,REJECT,"[""EMAIL_MENTIONED""]",SENTIMENT_NEUTRAL,"Hotel was okay, nothing special. Email me at test@gmail.com"
R123,HOTEL_001,1,REJECT,"[""PRICE_MENTIONED""]",SENTIMENT_NEGATIVE,"Worst stay ever, very dirty rooms"
R124,HOTEL_001,2,REJECT,"[""PRICE_MENTIONED""]",SENTIMENT_NEGATIVE,Poor maintenance and rude staff. Tariff was 5000 INR
R125,HOTEL_001,4,PUBLISH,[],SENTIMENT_POSITIVE,"Great stay, very clean rooms and friendly staff"
R126,HOTEL_001,2,PUBLISH,[],SENTIMENT_POSITIVE,"Not good, rooms were smelly"
R127,HOTEL_001,4,PUBLISH,[],SENTIMENT_POSITIVE,"Very nice hotel, will visit again"
R128,HOTEL_001,3,REJECT,"[""LINK_MENTIONED""]",SENTIMENT_NEUTRAL,"Average stay, decent location. Price is too high for this hotel. Check www.fakeh..."
R129,HOTEL_001,3,PUBLISH,[],SENTIMENT_NEUTRAL,Rooms were fine but service was slow
R130,HOTEL_001,2,REJECT,"[""PRICE_MENTIONED""]",SENTIMENT_NEGATIVE,"Worst stay ever, very dirty rooms"
R131,HOTEL_001,2,REJECT,"[""PHONE_NUMBER_MENTIONED"", ""EMAIL_MENTIONED"", ""LINK_MENTIONED""]",SENTIMENT_NEGATIVE,"Terrible hotel, bathroom was dirty. Call me at 9876543210. Email me at test@gmai..."
R132,HOTEL_001,4,REJECT,"[""PHONE_NUMBER_MENTIONED""]",SENTIMENT_NEUTRAL,Loved the breakfast and the staff behavior. My number is 9123456789
R133,HOTEL_001,3,PUBLISH,[],SENTIMENT_NEUTRAL,"Okay experience, food was average"
R134,HOTEL_001,1,PUBLISH,[],SENTIMENT_NEGATIVE,"Terrible hotel, bathroom was dirty"
R135,HOTEL_001,3,REJECT,"[""PRICE_MENTIONED"", ""PHONE_NUMBER_MENTIONED""]",SENTIMENT_NEUTRAL,"Average stay, decent location. Tariff was 5000 INR. Call me at 9876543210"
R136,HOTEL_001,4,REJECT,"[""PHONE_NUMBER_MENTIONED""]",SENTIMENT_NEUTRAL,Loved the breakfast and the staff behavior. Call me at 9876543210
R137,HOTEL_001,5,PUBLISH,[],SENTIMENT_POSITIVE,Excellent hotel with nice location
R138,HOTEL_001,1,REJECT,"[""PRICE_MENTIONED""]",SENTIMENT_NEGATIVE,"Terrible hotel, bathroom was dirty. Tariff was 5000 INR"
R139,HOTEL_001,3,REJECT,"[""EMAIL_MENTIONED""]",SENTIMENT_NEUTRAL,Rooms were fine but service was slow. Email me at test@gmail.com
R140,HOTEL_001,1,PUBLISH,[],SENTIMENT_POSITIVE,"Not good, rooms were smelly"
R141,HOTEL_001,2,REJECT,"[""PRICE_MENTIONED""]",SENTIMENT_NEGATIVE,"Worst stay ever, very dirty rooms"
R142,HOTEL_001,4,PUBLISH,[],SENTIMENT_POSITIVE,Amazing service and clean bathroom
R143,HOTEL_001,4,PUBLISH,[],SENTIMENT_POSITIVE,Excellent hotel with nice location
R144,HOTEL_001,3,PUBLISH,[],SENTIMENT_NEUTRAL,Rooms were fine but service was slow
R145,HOTEL_001,4,PUBLISH,[],SENTIMENT_POSITIVE,"Great stay, very clean rooms and friendly staff"
R146,HOTEL_001,2,PUBLISH,[],SENTIMENT_NEGATIVE,"Bad experience, noisy at night"
R147,HOTEL_001,4,PUBLISH,[],SENTIMENT_POSITIVE,Excellent hotel with nice location
R148,HOTEL_001,4,PUBLISH,[],SENTIMENT_POSITIVE,Amazing service and clean bathroom
R149,HOTEL_001,1,PUBLISH,[],SENTIMENT_NEGATIVE,Poor maintenance and rude staff. Price is too high for this hotel
R150,HOTEL_001,5,PUBLISH,[],SENTIMENT_POSITIVE,Amazing service and clean bathroom
R151,HOTEL_001,3,REJECT,"[""PRICE_MENTIONED""]",SENTIMENT_NEUTRAL,"Average stay, decent location. Tariff was 5000 INR"
R152,HOTEL_001,5,REJECT,"[""PRICE_MENTIONED""]",SENTIMENT_POSITIVE,Excellent hotel with nice location. Tariff was 5000 INR
R153,HOTEL_001,1,PUBLISH,[],SENTIMENT_NEGATIVE,Poor maintenance and rude staff
R154,HOTEL_001,3,REJECT,"[""LINK_MENTIONED""]",SENTIMENT_NEUTRAL,"Hotel was okay, nothing special. More details at http://spamlink.com"
R155,HOTEL_001,5,PUBLISH,[],SENTIMENT_POSITIVE,Excellent hotel with nice location
R156,HOTEL_001,2,REJECT,"[""PRICE_MENTIONED"", ""EMAIL_MENTIONED""]",SENTIMENT_POSITIVE,"Not good, rooms were smelly. Tariff was 5000 INR. Contact: demo@yahoo.com"
R157,HOTEL_001,5,PUBLISH,[],SENTIMENT_POSITIVE,Excellent hotel with nice location
R158,HOTEL_001,3,PUBLISH,[],SENTIMENT_NEUTRAL,"Hotel was okay, nothing special"
R159,HOTEL_001,3,REJECT,"[""PHONE_NUMBER_MENTIONED"", ""LINK_MENTIONED""]",SENTIMENT_NEUTRAL,"Average stay, decent location. My number is 9123456789. More details at http://s..."
R160,HOTEL_001,2,REJECT,"[""PRICE_MENTIONED""]",SENTIMENT_NEGATIVE,"Worst stay ever, very dirty rooms"
R161,HOTEL_001,2,REJECT,"[""EMAIL_MENTIONED""]",SENTIMENT_NEGATIVE,"Bad experience, noisy at night. Contact: demo@yahoo.com"
R162,HOTEL_001,3,PUBLISH,[],SENTIMENT_NEUTRAL,"Hotel was okay, nothing special"
R163,HOTEL_001,4,PUBLISH,[],SENTIMENT_POSITIVE,"Great stay, very clean rooms and friendly staff"
R164,HOTEL_001,5,REJECT,"[""PRICE_MENTIONED""]",SENTIMENT_POSITIVE,Excellent hotel with nice location. Cost was ₹4500
R165,HOTEL_001,1,PUBLISH,[],SENTIMENT_NEGATIVE,"Bad experience, noisy at night. Price is too high for this hotel"
R166,HOTEL_001,4,PUBLISH,[],SENTIMENT_POSITIVE,Amazing service and clean bathroom
R167,HOTEL_001,4,PUBLISH,[],SENTIMENT_POSITIVE,"Great stay, very clean rooms and friendly staff"
R168,HOTEL_001,4,REJECT,"[""PRICE_MENTIONED""]",SENTIMENT_POSITIVE,"Very nice hotel, will visit again. Tariff was 5000 INR"
R169,HOTEL_001,5,PUBLISH,[],SENTIMENT_POSITIVE,Amazing service and clean bathroom
R170,HOTEL_001,1,REJECT,"[""EMAIL_MENTIONED""]",SENTIMENT_NEGATIVE,Poor maintenance and rude staff. Contact: demo@yahoo.com
R171,HOTEL_001,4,REJECT,"[""PRICE_MENTIONED"", ""LINK_MENTIONED""]",SENTIMENT_POSITIVE,"Great stay, very clean rooms and friendly staff. Cost was ₹4500. Check www.fakeh..."
R172,HOTEL_001,1,REJECT,"[""PHONE_NUMBER_MENTIONED""]",SENTIMENT_POSITIVE,"Not good, rooms were smelly. Price is too high for this hotel. Call me at 987654..."
R173,HOTEL_001,1,PUBLISH,[],SENTIMENT_NEGATIVE,Poor maintenance and rude staff
R174,HOTEL_001,3,PUBLISH,[],SENTIMENT_NEUTRAL,Rooms were fine but service was slow
R175,HOTEL_001,5,PUBLISH,[],SENTIMENT_POSITIVE,"Very nice hotel, will visit again"
R176,HOTEL_001,3,REJECT,"[""LINK_MENTIONED""]",SENTIMENT_NEUTRAL,"Hotel was okay, nothing special. More details at http://spamlink.com"
R177,HOTEL_001,1,REJECT,"[""PHONE_NUMBER_MENTIONED""]",SENTIMENT_NEGATIVE,"Bad experience, noisy at night. Call me at 9876543210"
R178,HOTEL_001,5,REJECT,"[""PHONE_NUMBER_MENTIONED""]",SENTIMENT_POSITIVE,Amazing service and clean bathroom. Call me at 9876543210
R179,HOTEL_001,5,PUBLISH,[],SENTIMENT_NEUTRAL,Loved the breakfast and the staff behavior
R180,HOTEL_001,4,REJECT,"[""PRICE_MENTIONED"", ""PHONE_NUMBER_MENTIONED""]",SENTIMENT_POSITIVE,"Great stay, very clean rooms and friendly staff. Tariff was 5000 INR. Call me at..."
R181,HOTEL_001,2,PUBLISH,[],SENTIMENT_POSITIVE,"Not good, rooms were smelly. Price is too high for this hotel"
R182,HOTEL_001,5,PUBLISH,[],SENTIMENT_POSITIVE,Amazing service and clean bathroom
R183,HOTEL_001,1,PUBLISH,[],SENTIMENT_NEGATIVE,"Bad experience, noisy at night"
R184,HOTEL_001,1,REJECT,"[""PHONE_NUMBER_MENTIONED""]",SENTIMENT_NEGATIVE,"Bad experience, noisy at night. Call me at 9876543210"
R185,HOTEL_001,3,PUBLISH,[],SENTIMENT_NEUTRAL,"Hotel was okay, nothing special"
R186,HOTEL_001,3,REJECT,"[""LINK_MENTIONED""]",SENTIMENT_POSITIVE,"Nothing great, nothing terrible. Check www.fakehotel.com"
R187,HOTEL_001,4,PUBLISH,[],SENTIMENT_NEUTRAL,Loved the breakfast and the staff behavior
R188,HOTEL_001,5,REJECT,"[""PHONE_NUMBER_MENTIONED""]",SENTIMENT_NEUTRAL,Loved the breakfast and the staff behavior. Call me at 9876543210
R189,HOTEL_001,3,REJECT,"[""PRICE_MENTIONED"", ""LINK_MENTIONED""]",SENTIMENT_NEUTRAL,"Hotel was okay, nothing special. I paid 6000 per night. Check www.fakehotel.com"
R190,HOTEL_001,5,PUBLISH,[],SENTIMENT_NEUTRAL,Loved the breakfast and the staff behavior
R191,HOTEL_001,2,REJECT,"[""LINK_MENTIONED""]",SENTIMENT_NEGATIVE,"Terrible hotel, bathroom was dirty. Price is too high for this hotel. More detai..."
R192,HOTEL_001,2,REJECT,"[""PRICE_MENTIONED""]",SENTIMENT_NEGATIVE,"Bad experience, noisy at night. Cost was ₹4500"
R193,HOTEL_001,3,PUBLISH,[],SENTIMENT_NEUTRAL,"Hotel was okay, nothing special"
R194,HOTEL_001,3,REJECT,"[""LINK_MENTIONED""]",SENTIMENT_NEUTRAL,Rooms were fine but service was slow. More details at http://spamlink.com
R195,HOTEL_001,3,PUBLISH,[],SENTIMENT_NEUTRAL,Rooms were fine but service was slow
R196,HOTEL_001,5,REJECT,"[""PHONE_NUMBER_MENTIONED""]",SENTIMENT_NEUTRAL,Loved the breakfast and the staff behavior. My number is 9123456789
R197,HOTEL_001,2,PUBLISH,[],SENTIMENT_NEGATIVE,"Terrible hotel, bathroom was dirty"
R198,HOTEL_001,4,PUBLISH,[],SENTIMENT_POSITIVE,Amazing service and clean bathroom
R199,HOTEL_001,3,PUBLISH,[],SENTIMENT_NEUTRAL,Rooms were fine but service was slow
R200,HOTEL_001,3,PUBLISH,[],SENTIMENT_NEUTRAL,"Okay experience, food was average"
R201,HOTEL_001,4,PUBLISH,[],SENTIMENT_POSITIVE,"Great stay, very clean rooms and friendly staff"
R202,HOTEL_001,1,PUBLISH,[],SENTIMENT_NEGATIVE,Poor maintenance and rude staff
R203,HOTEL_001,3,REJECT,"[""PRICE_MENTIONED""]",SENTIMENT_NEUTRAL,"Average stay, decent location. I paid 6000 per night"
R204,HOTEL_001,1,REJECT,"[""PRICE_MENTIONED""]",SENTIMENT_NEGATIVE,Poor maintenance and rude staff. Cost was ₹4500
R205,HOTEL_001,5,PUBLISH,[],SENTIMENT_POSITIVE,Excellent hotel with nice location
R206,HOTEL_001,3,REJECT,"[""LINK_MENTIONED""]",SENTIMENT_NEUTRAL,"Average stay, decent location. Check www.fakehotel.com"
R207,HOTEL_001,2,PUBLISH,[],SENTIMENT_NEGATIVE,"Terrible hotel, bathroom was dirty"
R208,HOTEL_001,5,PUBLISH,[],SENTIMENT_POSITIVE,Excellent hotel with nice location
R209,HOTEL_001,3,PUBLISH,[],SENTIMENT_NEUTRAL,"Hotel was okay, nothing special"
R210,HOTEL_001,2,PUBLISH,[],SENTIMENT_NEGATIVE,"Terrible hotel, bathroom was dirty"
R211,HOTEL_001,1,PUBLISH,[],SENTIMENT_NEGATIVE,Poor maintenance and rude staff
R212,HOTEL_001,3,REJECT,"[""PRICE_MENTIONED""]",SENTIMENT_NEUTRAL,"Hotel was okay, nothing special. I paid 6000 per night"
R213,HOTEL_001,3,REJECT,"[""LINK_MENTIONED""]",SENTIMENT_NEUTRAL,"Average stay, decent location. Price is too high for this hotel. More details at..."
R214,HOTEL_001,3,REJECT,"[""PRICE_MENTIONED"", ""PHONE_NUMBER_MENTIONED""]",SENTIMENT_NEUTRAL,"Okay experience, food was average. I paid 6000 per night. My number is 912345678..."
R215,HOTEL_001,4,REJECT,"[""EMAIL_MENTIONED""]",SENTIMENT_POSITIVE,"Very nice hotel, will visit again. Contact: demo@yahoo.com"
R216,HOTEL_001,1,REJECT,"[""PRICE_MENTIONED"", ""PHONE_NUMBER_MENTIONED""]",SENTIMENT_POSITIVE,"Not good, rooms were smelly. Cost was ₹4500. My number is 9123456789"
R217,HOTEL_001,3,REJECT,"[""PRICE_MENTIONED""]",SENTIMENT_NEUTRAL,"Hotel was okay, nothing special. Cost was ₹4500"
R218,HOTEL_001,3,PUBLISH,[],SENTIMENT_NEUTRAL,Rooms were fine but service was slow
R219,HOTEL_001,2,PUBLISH,[],SENTIMENT_NEGATIVE,"Bad experience, noisy at night. Price is too high for this hotel"
R220,HOTEL_001,1,REJECT,"[""PRICE_MENTIONED"", ""PHONE_NUMBER_MENTIONED""]",SENTIMENT_NEGATIVE,Poor maintenance and rude staff. I paid 6000 per night. My number is 9123456789
R221,HOTEL_001,3,PUBLISH,[],SENTIMENT_POSITIVE,"Nothing great, nothing terrible"
R222,HOTEL_001,3,REJECT,"[""PRICE_MENTIONED""]",SENTIMENT_NEUTRAL,"Average stay, decent location. Tariff was 5000 INR"
R223,HOTEL_001,3,REJECT,"[""EMAIL_MENTIONED""]",SENTIMENT_NEUTRAL,"Okay experience, food was average. Email me at test@gmail.com"
R224,HOTEL_001,3,REJECT,"[""PHONE_NUMBER_MENTIONED""]",SENTIMENT_NEUTRAL,"Okay experience, food was average. Call me at 9876543210"
R225,HOTEL_001,5,REJECT,"[""PRICE_MENTIONED""]",SENTIMENT_POSITIVE,Excellent hotel with nice location. Cost was ₹4500
R226,HOTEL_001,4,PUBLISH,[],SENTIMENT_POSITIVE,Amazing service and clean bathroom
R227,HOTEL_001,1,PUBLISH,[],SENTIMENT_NEGATIVE,Poor maintenance and rude staff
R228,HOTEL_001,3,PUBLISH,[],SENTIMENT_NEUTRAL,"Hotel was okay, nothing special"
R229,HOTEL_001,1,PUBLISH,[],SENTIMENT_NEGATIVE,"Bad experience, noisy at night. Price is too high for this hotel"
R230,HOTEL_001,3,PUBLISH,[],SENTIMENT_NEUTRAL,"Hotel was okay, nothing special"
R231,HOTEL_001,5,PUBLISH,[],SENTIMENT_POSITIVE,"Very nice hotel, will visit again"
R232,HOTEL_001,3,PUBLISH,[],SENTIMENT_NEUTRAL,"Okay experience, food was average"
R233,HOTEL_001,1,REJECT,"[""LINK_MENTIONED""]",SENTIMENT_NEGATIVE,"Terrible hotel, bathroom was dirty. More details at http://spamlink.com"
R234,HOTEL_001,5,REJECT,"[""PRICE_MENTIONED"", ""PHONE_NUMBER_MENTIONED""]",SENTIMENT_POSITIVE,Excellent hotel with nice location. I paid 6000 per night. My number is 91234567...
R235,HOTEL_001,3,REJECT,"[""PHONE_NUMBER_MENTIONED""]",SENTIMENT_NEUTRAL,"Okay experience, food was average. Call me at 9876543210"
R236,HOTEL_001,3,REJECT,"[""PHONE_NUMBER_MENTIONED"", ""EMAIL_MENTIONED""]",SENTIMENT_NEUTRAL,Rooms were fine but service was slow. My number is 9123456789. Email me at test@...
R237,HOTEL_001,3,PUBLISH,[],SENTIMENT_NEUTRAL,Rooms were fine but service was slow
R238,HOTEL_001,2,REJECT,"[""PRICE_MENTIONED""]",SENTIMENT_NEGATIVE,"Terrible hotel, bathroom was dirty. Tariff was 5000 INR"
R239,HOTEL_001,3,REJECT,"[""PRICE_MENTIONED"", ""LINK_MENTIONED""]",SENTIMENT_NEUTRAL,"Average stay, decent location. Cost was ₹4500. More details at http://spamlink.c..."
R240,HOTEL_001,3,REJECT,"[""PHONE_NUMBER_MENTIONED""]",SENTIMENT_NEUTRAL,"Average stay, decent location. My number is 9123456789"
R241,HOTEL_001,3,PUBLISH,[],SENTIMENT_NEUTRAL,"Hotel was okay, nothing special"
R242,HOTEL_001,3,REJECT,"[""PHONE_NUMBER_MENTIONED""]",SENTIMENT_NEUTRAL,"Hotel was okay, nothing special. My number is 9123456789"
R243,HOTEL_001,3,PUBLISH,[],SENTIMENT_NEUTRAL,"Average stay, decent location"
R244,HOTEL_001,1,REJECT,"[""LINK_MENTIONED""]",SENTIMENT_NEGATIVE,"Terrible hotel, bathroom was dirty. More details at http://spamlink.com"
R245,HOTEL_001,2,PUBLISH,[],SENTIMENT_NEGATIVE,"Terrible hotel, bathroom was dirty. Price is too high for this hotel"
R246,HOTEL_001,1,REJECT,"[""EMAIL_MENTIONED""]",SENTIMENT_NEGATIVE,Poor maintenance and rude staff. Contact: demo@yahoo.com
R247,HOTEL_001,5,PUBLISH,[],SENTIMENT_POSITIVE,Excellent hotel with nice location
R248,HOTEL_001,4,PUBLISH,[],SENTIMENT_POSITIVE,Amazing service and clean bathroom
R249,HOTEL_001,4,PUBLISH,[],SENTIMENT_NEUTRAL,Loved the breakfast and the staff behavior
R250,HOTEL_001,2,PUBLISH,[],SENTIMENT_NEGATIVE,"Terrible hotel, bathroom was dirty"
R251,HOTEL_001,5,REJECT,"[""LINK_MENTIONED""]",SENTIMENT_POSITIVE,"Very nice hotel, will visit again. More details at http://spamlink.com"
R252,HOTEL_001,5,PUBLISH,[],SENTIMENT_POSITIVE,Amazing service and clean bathroom
R253,HOTEL_001,3,PUBLISH,[],SENTIMENT_NEUTRAL,Rooms were fine but service was slow
R254,HOTEL_001,1,REJECT,"[""PRICE_MENTIONED"", ""EMAIL_MENTIONED""]",SENTIMENT_NEGATIVE,"Worst stay ever, very dirty rooms. Email me at test@gmail.com"
R255,HOTEL_001,2,REJECT,"[""PRICE_MENTIONED"", ""LINK_MENTIONED""]",SENTIMENT_NEGATIVE,"Worst stay ever, very dirty rooms. Cost was ₹4500. More details at http://spamli..."
R256,HOTEL_001,3,REJECT,"[""EMAIL_MENTIONED""]",SENTIMENT_NEUTRAL,Rooms were fine but service was slow. Email me at test@gmail.com
R257,HOTEL_001,1,PUBLISH,[],SENTIMENT_NEGATIVE,Poor maintenance and rude staff
R258,HOTEL_001,5,PUBLISH,[],SENTIMENT_POSITIVE,Amazing service and clean bathroom. Price is too high for this hotel
R259,HOTEL_001,3,PUBLISH,[],SENTIMENT_NEUTRAL,"Average stay, decent location"
R260,HOTEL_001,1,REJECT,"[""PHONE_NUMBER_MENTIONED""]",SENTIMENT_NEGATIVE,"Terrible hotel, bathroom was dirty. Call me at 9876543210"
R261,HOTEL_001,2,PUBLISH,[],SENTIMENT_NEGATIVE,"Terrible hotel, bathroom was dirty"
R262,HOTEL_001,3,REJECT,"[""PHONE_NUMBER_MENTIONED""]",SENTIMENT_NEUTRAL,Rooms were fine but service was slow. Call me at 9876543210
R263,HOTEL_001,1,PUBLISH,[],SENTIMENT_NEGATIVE,Poor maintenance and rude staff
R264,HOTEL_001,3,REJECT,"[""EMAIL_MENTIONED"", ""LINK_MENTIONED""]",SENTIMENT_NEUTRAL,Rooms were fine but service was slow. Email me at test@gmail.com. More details a...
R265,HOTEL_001,2,REJECT,"[""PRICE_MENTIONED""]",SENTIMENT_NEGATIVE,Poor maintenance and rude staff. Cost was ₹4500
R266,HOTEL_001,3,PUBLISH,[],SENTIMENT_NEUTRAL,Rooms were fine but service was slow. Price is too high for this hotel
R267,HOTEL_001,1,REJECT,"[""PHONE_NUMBER_MENTIONED""]",SENTIMENT_NEGATIVE,"Terrible hotel, bathroom was dirty. My number is 9123456789"
R268,HOTEL_001,3,REJECT,"[""EMAIL_MENTIONED""]",SENTIMENT_NEUTRAL,"Hotel was okay, nothing special. Email me at test@gmail.com"
R269,HOTEL_001,1,REJECT,"[""PHONE_NUMBER_MENTIONED""]",SENTIMENT_NEGATIVE,"Bad experience, noisy at night. My number is 9123456789"
R270,HOTEL_001,1,REJECT,"[""PRICE_MENTIONED"", ""EMAIL_MENTIONED""]",SENTIMENT_NEGATIVE,"Worst stay ever, very dirty rooms. Email me at test@gmail.com"
R271,HOTEL_001,4,PUBLISH,[],SENTIMENT_NEUTRAL,Loved the breakfast and the staff behavior
R272,HOTEL_001,1,PUBLISH,[],SENTIMENT_POSITIVE,"Not good, rooms were smelly"
R273,HOTEL_001,1,PUBLISH,[],SENTIMENT_NEGATIVE,"Terrible hotel, bathroom was dirty"
R274,HOTEL_001,2,REJECT,"[""PHONE_NUMBER_MENTIONED""]",SENTIMENT_NEGATIVE,"Terrible hotel, bathroom was dirty. My number is 9123456789"
R275,HOTEL_001,3,REJECT,"[""PRICE_MENTIONED""]",SENTIMENT_NEUTRAL,"Hotel was okay, nothing special. Cost was ₹4500"
R276,HOTEL_001,3,REJECT,"[""PRICE_MENTIONED""]",SENTIMENT_NEUTRAL,"Hotel was okay, nothing special. Cost was ₹4500"
R277,HOTEL_001,3,REJECT,"[""PRICE_MENTIONED""]",SENTIMENT_NEUTRAL,"Okay experience, food was average. I paid 6000 per night"
R278,HOTEL_001,3,PUBLISH,[],SENTIMENT_NEUTRAL,Rooms were fine but service was slow
R279,HOTEL_001,1,PUBLISH,[],SENTIMENT_POSITIVE,"Not good, rooms were smelly"
R280,HOTEL_001,1,PUBLISH,[],SENTIMENT_POSITIVE,"Not good, rooms were smelly"
R281,HOTEL_001,1,PUBLISH,[],SENTIMENT_NEGATIVE,"Terrible hotel, bathroom was dirty"
R282,HOTEL_001,4,REJECT,"[""EMAIL_MENTIONED""]",SENTIMENT_POSITIVE,"Great stay, very clean rooms and friendly staff. Contact: demo@yahoo.com"
R283,HOTEL_001,2,REJECT,"[""PHONE_NUMBER_MENTIONED""]",SENTIMENT_NEGATIVE,"Terrible hotel, bathroom was dirty. My number is 9123456789"
R284,HOTEL_001,3,REJECT,"[""PHONE_NUMBER_MENTIONED""]",SENTIMENT_NEUTRAL,"Hotel was okay, nothing special. Call me at 9876543210"
R285,HOTEL_001,2,REJECT,"[""PRICE_MENTIONED""]",SENTIMENT_NEGATIVE,"Worst stay ever, very dirty rooms"
R286,HOTEL_001,4,REJECT,"[""PHONE_NUMBER_MENTIONED"", ""EMAIL_MENTIONED""]",SENTIMENT_POSITIVE,"Very nice hotel, will visit again. Call me at 9876543210. Contact: demo@yahoo.co..."
R287,HOTEL_001,3,REJECT,"[""PRICE_MENTIONED"", ""PHONE_NUMBER_MENTIONED""]",SENTIMENT_NEUTRAL,"Average stay, decent location. Cost was ₹4500. Call me at 9876543210"
R288,HOTEL_001,4,PUBLISH,[],SENTIMENT_POSITIVE,"Very nice hotel, will visit again"
R289,HOTEL_001,4,REJECT,"[""LINK_MENTIONED""]",SENTIMENT_POSITIVE,Amazing service and clean bathroom. Price is too high for this hotel. More detai...
R290,HOTEL_001,2,REJECT,"[""PRICE_MENTIONED""]",SENTIMENT_NEGATIVE,"Worst stay ever, very dirty rooms. Cost was ₹4500"
R291,HOTEL_001,3,REJECT,"[""LINK_MENTIONED""]",SENTIMENT_NEUTRAL,"Average stay, decent location. Check www.fakehotel.com"
R292,HOTEL_001,1,REJECT,"[""PRICE_MENTIONED""]",SENTIMENT_NEGATIVE,Poor maintenance and rude staff. I paid 6000 per night
R293,HOTEL_001,1,PUBLISH,[],SENTIMENT_POSITIVE,"Not good, rooms were smelly"
R294,HOTEL_001,3,PUBLISH,[],SENTIMENT_POSITIVE,"Nothing great, nothing terrible"
R295,HOTEL_001,3,PUBLISH,[],SENTIMENT_POSITIVE,"Nothing great, nothing terrible"
R296,HOTEL_001,3,REJECT,"[""PRICE_MENTIONED""]",SENTIMENT_NEUTRAL,"Average stay, decent location. Cost was ₹4500"
R297,HOTEL_001,5,REJECT,"[""PRICE_MENTIONED""]",SENTIMENT_NEUTRAL,Loved the breakfast and the staff behavior. I paid 6000 per night
R298,HOTEL_001,4,PUBLISH,[],SENTIMENT_POSITIVE,"Very nice hotel, will visit again"
R299,HOTEL_001,3,PUBLISH,[],SENTIMENT_NEUTRAL,Rooms were fine but service was slow
R300,HOTEL_001,3,REJECT,"[""EMAIL_MENTIONED""]",SENTIMENT_NEUTRAL,"Average stay, decent location. Contact: demo@yahoo.com"
R301,HOTEL_001,1,PUBLISH,[],SENTIMENT_NEGATIVE,Poor maintenance and rude staff
R302,HOTEL_001,1,REJECT,"[""PRICE_MENTIONED"", ""LINK_MENTIONED""]",SENTIMENT_NEGATIVE,"Worst stay ever, very dirty rooms. Check www.fakehotel.com"
R303,HOTEL_001,5,REJECT,"[""PRICE_MENTIONED""]",SENTIMENT_POSITIVE,Excellent hotel with nice location. Tariff was 5000 INR
R304,HOTEL_001,3,PUBLISH,[],SENTIMENT_NEUTRAL,Rooms were fine but service was slow
R305,HOTEL_001,2,REJECT,"[""PRICE_MENTIONED""]",SENTIMENT_NEGATIVE,"Bad experience, noisy at night. Tariff was 5000 INR"
R306,HOTEL_001,3,PUBLISH,[],SENTIMENT_NEUTRAL,"Hotel was okay, nothing special"
R307,HOTEL_001,2,PUBLISH,[],SENTIMENT_NEGATIVE,"Bad experience, noisy at night. Price is too high for this hotel"
R308,HOTEL_001,5,REJECT,"[""PRICE_MENTIONED"", ""EMAIL_MENTIONED""]",SENTIMENT_POSITIVE,"Very nice hotel, will visit again. Cost was ₹4500. Contact: demo@yahoo.com"
R309,HOTEL_001,2,REJECT,"[""PRICE_MENTIONED""]",SENTIMENT_NEGATIVE,"Worst stay ever, very dirty rooms. Cost was ₹4500"
R310,HOTEL_001,4,PUBLISH,[],SENTIMENT_NEUTRAL,Loved the breakfast and the staff behavior
R311,HOTEL_001,5,PUBLISH,[],SENTIMENT_POSITIVE,Amazing service and clean bathroom
R312,HOTEL_001,5,REJECT,"[""PRICE_MENTIONED""]",SENTIMENT_NEUTRAL,Loved the breakfast and the staff behavior. I paid 6000 per night
R313,HOTEL_001,3,REJECT,"[""EMAIL_MENTIONED""]",SENTIMENT_NEUTRAL,"Okay experience, food was average. Contact: demo@yahoo.com"
R314,HOTEL_001,1,PUBLISH,[],SENTIMENT_NEGATIVE,"Bad experience, noisy at night"
R315,HOTEL_001,5,REJECT,"[""PHONE_NUMBER_MENTIONED"", ""LINK_MENTIONED""]",SENTIMENT_NEUTRAL,Loved the breakfast and the staff behavior. My number is 9123456789. More detail...
R316,HOTEL_001,3,PUBLISH,[],SENTIMENT_NEUTRAL,"Okay experience, food was average"
R317,HOTEL_001,3,PUBLISH,[],SENTIMENT_NEUTRAL,"Average stay, decent location"
R318,HOTEL_001,1,REJECT,"[""PRICE_MENTIONED""]",SENTIMENT_NEGATIVE,"Worst stay ever, very dirty rooms. Cost was ₹4500"
R319,HOTEL_001,4,REJECT,"[""EMAIL_MENTIONED""]",SENTIMENT_NEUTRAL,Loved the breakfast and the staff behavior. Price is too high for this hotel. Em...
R320,HOTEL_001,5,PUBLISH,[],SENTIMENT_POSITIVE,"Very nice hotel, will visit again"
R321,HOTEL_001,3,REJECT,"[""EMAIL_MENTIONED""]",SENTIMENT_POSITIVE,"Nothing great, nothing terrible. Email me at test@gmail.com"
R322,HOTEL_001,1,PUBLISH,[],SENTIMENT_NEGATIVE,"Terrible hotel, bathroom was dirty"
R323,HOTEL_001,1,REJECT,"[""EMAIL_MENTIONED""]",SENTIMENT_NEGATIVE,"Bad experience, noisy at night. Email me at test@gmail.com"
R324,HOTEL_001,2,REJECT,"[""PRICE_MENTIONED""]",SENTIMENT_NEGATIVE,"Worst stay ever, very dirty rooms. Cost was ₹4500"
R325,HOTEL_001,2,REJECT,"[""PHONE_NUMBER_MENTIONED""]",SENTIMENT_NEGATIVE,Poor maintenance and rude staff. My number is 9123456789
R326,HOTEL_001,3,PUBLISH,[],SENTIMENT_NEUTRAL,"Average stay, decent location"
R327,HOTEL_001,3,PUBLISH,[],SENTIMENT_NEUTRAL,"Average stay, decent location"
R328,HOTEL_001,4,PUBLISH,[],SENTIMENT_NEUTRAL,Loved the breakfast and the staff behavior
R329,HOTEL_001,5,REJECT,"[""PRICE_MENTIONED""]",SENTIMENT_NEUTRAL,Loved the breakfast and the staff behavior. Tariff was 5000 INR
R330,HOTEL_001,1,REJECT,"[""PRICE_MENTIONED"", ""PHONE_NUMBER_MENTIONED"", ""EMAIL_MENTIONED""]",SENTIMENT_NEGATIVE,"Worst stay ever, very dirty rooms. My number is 9123456789. Contact: demo@yahoo...."
R331,HOTEL_001,3,PUBLISH,[],SENTIMENT_NEUTRAL,"Average stay, decent location"
R332,HOTEL_001,3,PUBLISH,[],SENTIMENT_NEUTRAL,"Average stay, decent location"
R333,HOTEL_001,1,REJECT,"[""PHONE_NUMBER_MENTIONED"", ""LINK_MENTIONED""]",SENTIMENT_NEGATIVE,"Bad experience, noisy at night. My number is 9123456789. Check www.fakehotel.com"
R334,HOTEL_001,2,REJECT,"[""PHONE_NUMBER_MENTIONED""]",SENTIMENT_NEGATIVE,"Terrible hotel, bathroom was dirty. My number is 9123456789"
R335,HOTEL_001,2,REJECT,"[""PRICE_MENTIONED"", ""LINK_MENTIONED""]",SENTIMENT_NEGATIVE,"Terrible hotel, bathroom was dirty. Cost was ₹4500. Check www.fakehotel.com"
R336,HOTEL_001,1,REJECT,"[""PRICE_MENTIONED""]",SENTIMENT_NEGATIVE,Poor maintenance and rude staff. Cost was ₹4500
R337,HOTEL_001,3,REJECT,"[""EMAIL_MENTIONED""]",SENTIMENT_NEUTRAL,"Average stay, decent location. Email me at test@gmail.com"
R338,HOTEL_001,1,PUBLISH,[],SENTIMENT_NEGATIVE,"Bad experience, noisy at night"
R339,HOTEL_001,2,REJECT,"[""PRICE_MENTIONED""]",SENTIMENT_NEGATIVE,"Terrible hotel, bathroom was dirty. Tariff was 5000 INR"
R340,HOTEL_001,1,PUBLISH,[],SENTIMENT_NEGATIVE,Poor maintenance and rude staff
R341,HOTEL_001,4,REJECT,"[""PRICE_MENTIONED""]",SENTIMENT_POSITIVE,Amazing service and clean bathroom. Cost was ₹4500
R342,HOTEL_001,5,REJECT,"[""PRICE_MENTIONED""]",SENTIMENT_POSITIVE,"Very nice hotel, will visit again. Cost was ₹4500"
R343,HOTEL_001,3,REJECT,"[""PHONE_NUMBER_MENTIONED""]",SENTIMENT_NEUTRAL,"Hotel was okay, nothing special. My number is 9123456789"
R344,HOTEL_001,5,REJECT,"[""PHONE_NUMBER_MENTIONED""]",SENTIMENT_NEUTRAL,Loved the breakfast and the staff behavior. My number is 9123456789
R345,HOTEL_001,4,REJECT,"[""LINK_MENTIONED""]",SENTIMENT_POSITIVE,"Very nice hotel, will visit again. More details at http://spamlink.com"
R346,HOTEL_001,3,PUBLISH,[],SENTIMENT_NEUTRAL,Rooms were fine but service was slow
R347,HOTEL_001,3,PUBLISH,[],SENTIMENT_NEUTRAL,Rooms were fine but service was slow
R348,HOTEL_001,3,PUBLISH,[],SENTIMENT_NEUTRAL,"Hotel was okay, nothing special"
R349,HOTEL_001,5,PUBLISH,[],SENTIMENT_POSITIVE,"Great stay, very clean rooms and friendly staff"
R350,HOTEL_001,1,REJECT,"[""PRICE_MENTIONED""]",SENTIMENT_NEGATIVE,"Bad experience, noisy at night. Cost was ₹4500"
R351,HOTEL_001,3,PUBLISH,[],SENTIMENT_NEUTRAL,"Hotel was okay, nothing special"
R352,HOTEL_001,2,REJECT,"[""PHONE_NUMBER_MENTIONED""]",SENTIMENT_NEGATIVE,"Bad experience, noisy at night. My number is 9123456789"
R353,HOTEL_001,3,REJECT,"[""LINK_MENTIONED""]",SENTIMENT_NEUTRAL,"Hotel was okay, nothing special. Check www.fakehotel.com"
R354,HOTEL_001,5,REJECT,"[""EMAIL_MENTIONED""]",SENTIMENT_NEUTRAL,Loved the breakfast and the staff behavior. Contact: demo@yahoo.com
R355,HOTEL_001,1,REJECT,"[""PRICE_MENTIONED"", ""LINK_MENTIONED""]",SENTIMENT_NEGATIVE,"Worst stay ever, very dirty rooms. I paid 6000 per night. More details at http:/..."
R356,HOTEL_001,1,PUBLISH,[],SENTIMENT_POSITIVE,"Not good, rooms were smelly"
R357,HOTEL_001,2,REJECT,"[""PRICE_MENTIONED"", ""LINK_MENTIONED""]",SENTIMENT_NEGATIVE,"Worst stay ever, very dirty rooms. More details at http://spamlink.com"
R358,HOTEL_001,4,REJECT,"[""LINK_MENTIONED""]",SENTIMENT_NEUTRAL,Loved the breakfast and the staff behavior. Price is too high for this hotel. Mo...
R359,HOTEL_001,4,REJECT,"[""PRICE_MENTIONED""]",SENTIMENT_NEUTRAL,Loved the breakfast and the staff behavior. Tariff was 5000 INR
R360,HOTEL_001,3,REJECT,"[""PRICE_MENTIONED""]",SENTIMENT_NEUTRAL,"Average stay, decent location. Cost was ₹4500"
R361,HOTEL_001,2,REJECT,"[""PRICE_MENTIONED""]",SENTIMENT_NEGATIVE,"Worst stay ever, very dirty rooms"
R362,HOTEL_001,2,PUBLISH,[],SENTIMENT_NEGATIVE,"Bad experience, noisy at night"
R363,HOTEL_001,4,REJECT,"[""PRICE_MENTIONED"", ""PHONE_NUMBER_MENTIONED""]",SENTIMENT_POSITIVE,Excellent hotel with nice location. I paid 6000 per night. Call me at 9876543210
R364,HOTEL_001,3,REJECT,"[""EMAIL_MENTIONED""]",SENTIMENT_NEUTRAL,Rooms were fine but service was slow. Email me at test@gmail.com
R365,HOTEL_001,3,PUBLISH,[],SENTIMENT_NEUTRAL,Rooms were fine but service was slow
R366,HOTEL_001,2,PUBLISH,[],SENTIMENT_NEGATIVE,"Bad experience, noisy at night"
R367,HOTEL_001,3,PUBLISH,[],SENTIMENT_NEUTRAL,"Hotel was okay, nothing special"
R368,HOTEL_001,1,REJECT,"[""EMAIL_MENTIONED""]",SENTIMENT_POSITIVE,"Not good, rooms were smelly. Contact: demo@yahoo.com"
R369,HOTEL_001,5,PUBLISH,[],SENTIMENT_POSITIVE,"Very nice hotel, will visit again"
R370,HOTEL_001,4,REJECT,"[""LINK_MENTIONED""]",SENTIMENT_POSITIVE,"Great stay, very clean rooms and friendly staff. Check www.fakehotel.com"
R371,HOTEL_001,1,PUBLISH,[],SENTIMENT_NEGATIVE,"Bad experience, noisy at night"
R372,HOTEL_001,4,REJECT,"[""PRICE_MENTIONED""]",SENTIMENT_POSITIVE,"Great stay, very clean rooms and friendly staff. Tariff was 5000 INR"
R373,HOTEL_001,1,REJECT,"[""LINK_MENTIONED""]",SENTIMENT_POSITIVE,"Not good, rooms were smelly. More details at http://spamlink.com"
R374,HOTEL_001,5,PUBLISH,[],SENTIMENT_POSITIVE,Excellent hotel with nice location
R375,HOTEL_001,2,PUBLISH,[],SENTIMENT_POSITIVE,"Not good, rooms were smelly"
R376,HOTEL_001,3,REJECT,"[""LINK_MENTIONED""]",SENTIMENT_POSITIVE,"Nothing great, nothing terrible. Check www.fakehotel.com"
R377,HOTEL_001,3,REJECT,"[""PHONE_NUMBER_MENTIONED""]",SENTIMENT_NEUTRAL,"Okay experience, food was average. Call me at 9876543210"
R378,HOTEL_001,5,REJECT,"[""PHONE_NUMBER_MENTIONED""]",SENTIMENT_NEUTRAL,Loved the breakfast and the staff behavior. My number is 9123456789
R379,HOTEL_001,2,REJECT,"[""PHONE_NUMBER_MENTIONED""]",SENTIMENT_POSITIVE,"Not good, rooms were smelly. My number is 9123456789"
R380,HOTEL_001,3,PUBLISH,[],SENTIMENT_POSITIVE,"Nothing great, nothing terrible"
R381,HOTEL_001,4,PUBLISH,[],SENTIMENT_NEUTRAL,Loved the breakfast and the staff behavior
R382,HOTEL_001,3,REJECT,"[""PRICE_MENTIONED""]",SENTIMENT_NEUTRAL,"Hotel was okay, nothing special. Tariff was 5000 INR"
R383,HOTEL_001,1,REJECT,"[""PRICE_MENTIONED""]",SENTIMENT_NEGATIVE,"Worst stay ever, very dirty rooms. Cost was ₹4500"
R384,HOTEL_001,2,PUBLISH,[],SENTIMENT_NEGATIVE,"Bad experience, noisy at night"
R385,HOTEL_001,1,REJECT,"[""EMAIL_MENTIONED""]",SENTIMENT_POSITIVE,"Not good, rooms were smelly. Contact: demo@yahoo.com"
R386,HOTEL_001,1,REJECT,"[""PRICE_MENTIONED"", ""PHONE_NUMBER_MENTIONED""]",SENTIMENT_NEGATIVE,"Bad experience, noisy at night. I paid 6000 per night. Call me at 9876543210"
R387,HOTEL_001,5,PUBLISH,[],SENTIMENT_POSITIVE,"Great stay, very clean rooms and friendly staff"
R388,HOTEL_001,4,PUBLISH,[],SENTIMENT_POSITIVE,Amazing service and clean bathroom
R389,HOTEL_001,5,REJECT,"[""LINK_MENTIONED""]",SENTIMENT_POSITIVE,"Great stay, very clean rooms and friendly staff. More details at http://spamlink..."
R390,HOTEL_001,4,PUBLISH,[],SENTIMENT_NEUTRAL,Loved the breakfast and the staff behavior
R391,HOTEL_001,2,REJECT,"[""PRICE_MENTIONED""]",SENTIMENT_POSITIVE,"Not good, rooms were smelly. Tariff was 5000 INR"
R392,HOTEL_001,2,REJECT,"[""PRICE_MENTIONED""]",SENTIMENT_POSITIVE,"Not good, rooms were smelly. Cost was ₹4500"
R393,HOTEL_001,3,PUBLISH,[],SENTIMENT_NEUTRAL,Rooms were fine but service was slow
R394,HOTEL_001,1,REJECT,"[""PHONE_NUMBER_MENTIONED""]",SENTIMENT_POSITIVE,"Not good, rooms were smelly. Call me at 9876543210"
R395,HOTEL_001,3,REJECT,"[""PRICE_MENTIONED""]",SENTIMENT_NEUTRAL,"Okay experience, food was average. Cost was ₹4500"
R396,HOTEL_001,3,REJECT,"[""EMAIL_MENTIONED""]",SENTIMENT_POSITIVE,"Nothing great, nothing terrible. Contact: demo@yahoo.com"
R397,HOTEL_001,5,PUBLISH,[],SENTIMENT_POSITIVE,Excellent hotel with nice location
R398,HOTEL_001,3,REJECT,"[""PHONE_NUMBER_MENTIONED""]",SENTIMENT_POSITIVE,"Nothing great, nothing terrible. Price is too high for this hotel. Call me at 98..."
R399,HOTEL_001,4,REJECT,"[""PRICE_MENTIONED""]",SENTIMENT_POSITIVE,Excellent hotel with nice location. Cost was ₹4500
R400,HOTEL_001,4,PUBLISH,[],SENTIMENT_POSITIVE,"Great stay, very clean rooms and friendly staff"
R401,HOTEL_001,2,REJECT,"[""PRICE_MENTIONED""]",SENTIMENT_NEGATIVE,"Worst stay ever, very dirty rooms"
R402,HOTEL_001,1,REJECT,"[""PRICE_MENTIONED""]",SENTIMENT_NEGATIVE,Poor maintenance and rude staff. I paid 6000 per night
R403,HOTEL_001,3,PUBLISH,[],SENTIMENT_POSITIVE,"Nothing great, nothing terrible"
R404,HOTEL_001,5,PUBLISH,[],SENTIMENT_POSITIVE,Excellent hotel with nice location
R405,HOTEL_001,4,PUBLISH,[],SENTIMENT_NEUTRAL,Loved the breakfast and the staff behavior
R406,HOTEL_001,4,REJECT,"[""PRICE_MENTIONED"", ""PHONE_NUMBER_MENTIONED"", ""LINK_MENTIONED""]",SENTIMENT_POSITIVE,Amazing service and clean bathroom. I paid 6000 per night. My number is 91234567...
R407,HOTEL_001,3,REJECT,"[""PRICE_MENTIONED""]",SENTIMENT_NEUTRAL,Rooms were fine but service was slow. Tariff was 5000 INR
R408,HOTEL_001,3,PUBLISH,[],SENTIMENT_NEUTRAL,"Hotel was okay, nothing special"
R409,HOTEL_001,2,REJECT,"[""PRICE_MENTIONED"", ""LINK_MENTIONED""]",SENTIMENT_NEGATIVE,"Terrible hotel, bathroom was dirty. Cost was ₹4500. More details at http://spaml..."
R410,HOTEL_001,3,REJECT,"[""PRICE_MENTIONED""]",SENTIMENT_NEUTRAL,Rooms were fine but service was slow. I paid 6000 per night
R411,HOTEL_001,4,REJECT,"[""EMAIL_MENTIONED""]",SENTIMENT_POSITIVE,Amazing service and clean bathroom. Email me at test@gmail.com
R412,HOTEL_001,2,REJECT,"[""PRICE_MENTIONED""]",SENTIMENT_NEGATIVE,"Worst stay ever, very dirty rooms"
R413,HOTEL_001,5,PUBLISH,[],SENTIMENT_POSITIVE,Amazing service and clean bathroom
R414,HOTEL_001,4,PUBLISH,[],SENTIMENT_NEUTRAL,Loved the breakfast and the staff behavior
R415,HOTEL_001,1,REJECT,"[""PRICE_MENTIONED""]",SENTIMENT_NEGATIVE,"Worst stay ever, very dirty rooms. Cost was ₹4500"
R416,HOTEL_001,2,REJECT,"[""PRICE_MENTIONED""]",SENTIMENT_NEGATIVE,"Bad experience, noisy at night. Tariff was 5000 INR"
R417,HOTEL_001,5,REJECT,"[""PHONE_NUMBER_MENTIONED""]",SENTIMENT_POSITIVE,"Great stay, very clean rooms and friendly staff. My number is 9123456789"
R418,HOTEL_001,3,REJECT,"[""PRICE_MENTIONED""]",SENTIMENT_NEUTRAL,"Okay experience, food was average. I paid 6000 per night"
R419,HOTEL_001,4,PUBLISH,[],SENTIMENT_POSITIVE,Excellent hotel with nice location
R420,HOTEL_001,1,PUBLISH,[],SENTIMENT_POSITIVE,"Not good, rooms were smelly"
R421,HOTEL_001,4,REJECT,"[""PHONE_NUMBER_MENTIONED""]",SENTIMENT_POSITIVE,"Great stay, very clean rooms and friendly staff. Call me at 9876543210"
R422,HOTEL_001,3,PUBLISH,[],SENTIMENT_NEUTRAL,"Average stay, decent location"
R423,HOTEL_001,3,PUBLISH,[],SENTIMENT_NEUTRAL,"Hotel was okay, nothing special"
R424,HOTEL_001,3,PUBLISH,[],SENTIMENT_NEUTRAL,"Hotel was okay, nothing special"
R425,HOTEL_001,1,REJECT,"[""PRICE_MENTIONED"", ""PHONE_NUMBER_MENTIONED"", ""LINK_MENTIONED""]",SENTIMENT_NEGATIVE,"Worst stay ever, very dirty rooms. Tariff was 5000 INR. Call me at 9876543210. C..."
R426,HOTEL_001,1,PUBLISH,[],SENTIMENT_NEGATIVE,"Bad experience, noisy at night"
R427,HOTEL_001,3,PUBLISH,[],SENTIMENT_NEUTRAL,Rooms were fine but service was slow
R428,HOTEL_001,2,REJECT,"[""EMAIL_MENTIONED""]",SENTIMENT_NEGATIVE,"Terrible hotel, bathroom was dirty. Price is too high for this hotel. Email me a..."
R429,HOTEL_001,3,PUBLISH,[],SENTIMENT_NEUTRAL,"Average stay, decent location"
R430,HOTEL_001,1,PUBLISH,[],SENTIMENT_NEGATIVE,Poor maintenance and rude staff
R431,HOTEL_001,3,PUBLISH,[],SENTIMENT_NEUTRAL,"Average stay, decent location"
R432,HOTEL_001,3,REJECT,"[""EMAIL_MENTIONED""]",SENTIMENT_NEUTRAL,Rooms were fine but service was slow. Price is too high for this hotel. Contact:...
R433,HOTEL_001,3,PUBLISH,[],SENTIMENT_NEUTRAL,"Okay experience, food was average"
R434,HOTEL_001,5,REJECT,"[""PRICE_MENTIONED"", ""LINK_MENTIONED""]",SENTIMENT_POSITIVE,"Very nice hotel, will visit again. Tariff was 5000 INR. Check www.fakehotel.com"
R435,HOTEL_001,2,PUBLISH,[],SENTIMENT_NEGATIVE,Poor maintenance and rude staff
R436,HOTEL_001,5,PUBLISH,[],SENTIMENT_POSITIVE,Amazing service and clean bathroom
R437,HOTEL_001,2,REJECT,"[""PRICE_MENTIONED""]",SENTIMENT_NEGATIVE,"Terrible hotel, bathroom was dirty. Tariff was 5000 INR"
R438,HOTEL_001,5,PUBLISH,[],SENTIMENT_POSITIVE,"Very nice hotel, will visit again"
R439,HOTEL_001,4,REJECT,"[""PRICE_MENTIONED""]",SENTIMENT_POSITIVE,Amazing service and clean bathroom. I paid 6000 per night
R440,HOTEL_001,3,PUBLISH,[],SENTIMENT_POSITIVE,"Nothing great, nothing terrible"
R441,HOTEL_001,3,PUBLISH,[],SENTIMENT_NEUTRAL,Rooms were fine but service was slow
R442,HOTEL_001,1,REJECT,"[""PHONE_NUMBER_MENTIONED""]",SENTIMENT_NEGATIVE,"Terrible hotel, bathroom was dirty. My number is 9123456789"
R443,HOTEL_001,2,REJECT,"[""PRICE_MENTIONED""]",SENTIMENT_NEGATIVE,"Worst stay ever, very dirty rooms"
R444,HOTEL_001,4,REJECT,"[""PRICE_MENTIONED"", ""LINK_MENTIONED""]",SENTIMENT_POSITIVE,Excellent hotel with nice location. I paid 6000 per night. More details at http:...
R445,HOTEL_001,2,PUBLISH,[],SENTIMENT_NEGATIVE,"Bad experience, noisy at night"
R446,HOTEL_001,5,PUBLISH,[],SENTIMENT_POSITIVE,"Great stay, very clean rooms and friendly staff"
R447,HOTEL_001,1,REJECT,"[""PRICE_MENTIONED""]",SENTIMENT_POSITIVE,"Not good, rooms were smelly. Cost was ₹4500"
R448,HOTEL_001,5,REJECT,"[""PHONE_NUMBER_MENTIONED""]",SENTIMENT_NEUTRAL,Loved the breakfast and the staff behavior. Call me at 9876543210
R449,HOTEL_001,2,PUBLISH,[],SENTIMENT_POSITIVE,"Not good, rooms were smelly. Price is too high for this hotel"
R450,HOTEL_001,3,PUBLISH,[],SENTIMENT_NEUTRAL,"Average stay, decent location"
R451,HOTEL_001,5,PUBLISH,[],SENTIMENT_NEUTRAL,Loved the breakfast and the staff behavior
R452,HOTEL_001,5,PUBLISH,[],SENTIMENT_POSITIVE,"Very nice hotel, will visit again"
R453,HOTEL_001,1,REJECT,"[""PRICE_MENTIONED""]",SENTIMENT_NEGATIVE,"Terrible hotel, bathroom was dirty. Cost was ₹4500"
R454,HOTEL_001,2,REJECT,"[""PHONE_NUMBER_MENTIONED""]",SENTIMENT_NEGATIVE,Poor maintenance and rude staff. Call me at 9876543210
R455,HOTEL_001,5,REJECT,"[""PRICE_MENTIONED""]",SENTIMENT_POSITIVE,Excellent hotel with nice location. Cost was ₹4500
R456,HOTEL_001,5,PUBLISH,[],SENTIMENT_POSITIVE,Excellent hotel with nice location. Price is too high for this hotel
R457,HOTEL_001,1,PUBLISH,[],SENTIMENT_POSITIVE,"Not good, rooms were smelly"
R458,HOTEL_001,3,PUBLISH,[],SENTIMENT_NEUTRAL,Rooms were fine but service was slow
R459,HOTEL_001,5,REJECT,"[""PRICE_MENTIONED""]",SENTIMENT_POSITIVE,"Very nice hotel, will visit again. I paid 6000 per night"
R460,HOTEL_001,5,PUBLISH,[],SENTIMENT_NEUTRAL,Loved the breakfast and the staff behavior
R461,HOTEL_001,3,PUBLISH,[],SENTIMENT_NEUTRAL,"Hotel was okay, nothing special"
R462,HOTEL_001,3,REJECT,"[""LINK_MENTIONED""]",SENTIMENT_NEUTRAL,"Hotel was okay, nothing special. Check www.fakehotel.com"
R463,HOTEL_001,4,REJECT,"[""PRICE_MENTIONED""]",SENTIMENT_POSITIVE,Amazing service and clean bathroom. I paid 6000 per night
R464,HOTEL_001,3,PUBLISH,[],SENTIMENT_NEUTRAL,"Hotel was okay, nothing special"
R465,HOTEL_001,4,PUBLISH,[],SENTIMENT_POSITIVE,"Great stay, very clean rooms and friendly staff"
R466,HOTEL_001,2,REJECT,"[""PRICE_MENTIONED""]",SENTIMENT_NEGATIVE,"Worst stay ever, very dirty rooms"
R467,HOTEL_001,5,REJECT,"[""PHONE_NUMBER_MENTIONED""]",SENTIMENT_POSITIVE,Amazing service and clean bathroom. My number is 9123456789
R468,HOTEL_001,1,REJECT,"[""EMAIL_MENTIONED""]",SENTIMENT_NEGATIVE,"Bad experience, noisy at night. Contact: demo@yahoo.com"
R469,HOTEL_001,1,REJECT,"[""PHONE_NUMBER_MENTIONED""]",SENTIMENT_NEGATIVE,"Bad experience, noisy at night. Call me at 9876543210"
R470,HOTEL_001,5,PUBLISH,[],SENTIMENT_POSITIVE,Amazing service and clean bathroom
R471,HOTEL_001,4,PUBLISH,[],SENTIMENT_NEUTRAL,Loved the breakfast and the staff behavior
R472,HOTEL_001,1,PUBLISH,[],SENTIMENT_NEGATIVE,"Terrible hotel, bathroom was dirty"
R473,HOTEL_001,4,PUBLISH,[],SENTIMENT_POSITIVE,Excellent hotel with nice location
R474,HOTEL_001,3,PUBLISH,[],SENTIMENT_NEUTRAL,"Average stay, decent location"
R475,HOTEL_001,5,PUBLISH,[],SENTIMENT_POSITIVE,Excellent hotel with nice location
R476,HOTEL_001,5,PUBLISH,[],SENTIMENT_NEUTRAL,Loved the breakfast and the staff behavior
R477,HOTEL_001,3,PUBLISH,[],SENTIMENT_NEUTRAL,"Average stay, decent location"
R478,HOTEL_001,3,PUBLISH,[],SENTIMENT_POSITIVE,"Nothing great, nothing terrible"
R479,HOTEL_001,2,REJECT,"[""PHONE_NUMBER_MENTIONED"", ""EMAIL_MENTIONED""]",SENTIMENT_NEGATIVE,"Bad experience, noisy at night. My number is 9123456789. Contact: demo@yahoo.com"
R480,HOTEL_001,3,REJECT,"[""PRICE_MENTIONED"", ""EMAIL_MENTIONED"", ""LINK_MENTIONED""]",SENTIMENT_NEUTRAL,"Okay experience, food was average. Cost was ₹4500. Contact: demo@yahoo.com. Chec..."
R481,HOTEL_001,2,REJECT,"[""PRICE_MENTIONED"", ""LINK_MENTIONED""]",SENTIMENT_NEGATIVE,"Worst stay ever, very dirty rooms. More details at http://spamlink.com"
R482,HOTEL_001,3,REJECT,"[""EMAIL_MENTIONED""]",SENTIMENT_NEUTRAL,Rooms were fine but service was slow. Price is too high for this hotel. Contact:...
R483,HOTEL_001,3,PUBLISH,[],SENTIMENT_NEUTRAL,"Average stay, decent location"
R484,HOTEL_001,5,PUBLISH,[],SENTIMENT_POSITIVE,"Very nice hotel, will visit again"
R485,HOTEL_001,3,REJECT,"[""LINK_MENTIONED""]",SENTIMENT_POSITIVE,"Nothing great, nothing terrible. Check www.fakehotel.com"
R486,HOTEL_001,2,PUBLISH,[],SENTIMENT_NEGATIVE,Poor maintenance and rude staff
R487,HOTEL_001,4,REJECT,"[""PRICE_MENTIONED"", ""LINK_MENTIONED""]",SENTIMENT_POSITIVE,Excellent hotel with nice location. Cost was ₹4500. Check www.fakehotel.com
R488,HOTEL_001,5,PUBLISH,[],SENTIMENT_POSITIVE,Amazing service and clean bathroom
R489,HOTEL_001,1,PUBLISH,[],SENTIMENT_NEGATIVE,"Terrible hotel, bathroom was dirty"
R490,HOTEL_001,3,PUBLISH,[],SENTIMENT_NEUTRAL,"Hotel was okay, nothing special"
R491,HOTEL_001,3,PUBLISH,[],SENTIMENT_NEUTRAL,"Hotel was okay, nothing special"
R492,HOTEL_001,2,PUBLISH,[],SENTIMENT_POSITIVE,"Not good, rooms were smelly"
R493,HOTEL_001,2,REJECT,"[""PRICE_MENTIONED""]",SENTIMENT_NEGATIVE,"Worst stay ever, very dirty rooms"
R494,HOTEL_001,5,PUBLISH,[],SENTIMENT_NEUTRAL,Loved the breakfast and the staff behavior
R495,HOTEL_001,3,REJECT,"[""PHONE_NUMBER_MENTIONED""]",SENTIMENT_NEUTRAL,Rooms were fine but service was slow. My number is 9123456789
R496,HOTEL_001,5,REJECT,"[""PRICE_MENTIONED"", ""PHONE_NUMBER_MENTIONED"", ""EMAIL_MENTIONED""]",SENTIMENT_POSITIVE,"Great stay, very clean rooms and friendly staff. Tariff was 5000 INR. My number ..."
R497,HOTEL_001,1,PUBLISH,[],SENTIMENT_NEGATIVE,Poor maintenance and rude staff
R498,HOTEL_001,3,REJECT,"[""PRICE_MENTIONED"", ""EMAIL_MENTIONED"", ""LINK_MENTIONED""]",SENTIMENT_NEUTRAL,"Hotel was okay, nothing special. I paid 6000 per night. Email me at test@gmail.c..."
R499,HOTEL_001,2,PUBLISH,[],SENTIMENT_NEGATIVE,"Terrible hotel, bathroom was dirty. Price is too high for this hotel"
R500,HOTEL_001,1,PUBLISH,[],SENTIMENT_POSITIVE,"Not good, rooms were smelly"
R501,HOTEL_001,4,PUBLISH,[],SENTIMENT_POSITIVE,Excellent hotel with nice location
R502,HOTEL_001,4,REJECT,"[""PRICE_MENTIONED""]",SENTIMENT_POSITIVE,Amazing service and clean bathroom. Cost was ₹4500
R503,HOTEL_001,1,REJECT,"[""PRICE_MENTIONED"", ""PHONE_NUMBER_MENTIONED""]",SENTIMENT_NEGATIVE,"Bad experience, noisy at night. Tariff was 5000 INR. Call me at 9876543210"
R504,HOTEL_001,3,PUBLISH,[],SENTIMENT_NEUTRAL,Rooms were fine but service was slow
R505,HOTEL_001,5,PUBLISH,[],SENTIMENT_POSITIVE,Amazing service and clean bathroom
R506,HOTEL_001,3,REJECT,"[""EMAIL_MENTIONED""]",SENTIMENT_NEUTRAL,"Average stay, decent location. Contact: demo@yahoo.com"
R507,HOTEL_001,3,PUBLISH,[],SENTIMENT_NEUTRAL,Rooms were fine but service was slow
R508,HOTEL_001,1,REJECT,"[""PRICE_MENTIONED""]",SENTIMENT_NEGATIVE,"Worst stay ever, very dirty rooms"
R509,HOTEL_001,3,PUBLISH,[],SENTIMENT_NEUTRAL,Rooms were fine but service was slow
R510,HOTEL_001,1,REJECT,"[""PHONE_NUMBER_MENTIONED""]",SENTIMENT_NEGATIVE,"Terrible hotel, bathroom was dirty. Price is too high for this hotel. My number ..."
R511,HOTEL_001,5,PUBLISH,[],SENTIMENT_POSITIVE,"Great stay, very clean rooms and friendly staff"
R512,HOTEL_001,3,PUBLISH,[],SENTIMENT_NEUTRAL,Rooms were fine but service was slow. Price is too high for this hotel
R513,HOTEL_001,1,REJECT,"[""PRICE_MENTIONED""]",SENTIMENT_NEGATIVE,"Worst stay ever, very dirty rooms"
R514,HOTEL_001,3,REJECT,"[""LINK_MENTIONED""]",SENTIMENT_NEUTRAL,"Hotel was okay, nothing special. Check www.fakehotel.com"
R515,HOTEL_001,3,REJECT,"[""LINK_MENTIONED""]",SENTIMENT_NEUTRAL,"Hotel was okay, nothing special. Check www.fakehotel.com"
R516,HOTEL_001,3,PUBLISH,[],SENTIMENT_POSITIVE,"Nothing great, nothing terrible"
R517,HOTEL_001,5,REJECT,"[""PHONE_NUMBER_MENTIONED""]",SENTIMENT_NEUTRAL,Loved the breakfast and the staff behavior. Call me at 9876543210
R518,HOTEL_001,2,REJECT,"[""PRICE_MENTIONED""]",SENTIMENT_NEGATIVE,"Worst stay ever, very dirty rooms"
R519,HOTEL_001,1,REJECT,"[""PRICE_MENTIONED""]",SENTIMENT_NEGATIVE,"Worst stay ever, very dirty rooms"
R520,HOTEL_001,2,REJECT,"[""PRICE_MENTIONED""]",SENTIMENT_NEGATIVE,"Worst stay ever, very dirty rooms"
R521,HOTEL_001,4,PUBLISH,[],SENTIMENT_POSITIVE,"Great stay, very clean rooms and friendly staff"
R522,HOTEL_001,1,REJECT,"[""PRICE_MENTIONED"", ""LINK_MENTIONED""]",SENTIMENT_NEGATIVE,"Worst stay ever, very dirty rooms. Check www.fakehotel.com"
R523,HOTEL_001,3,REJECT,"[""LINK_MENTIONED""]",SENTIMENT_NEUTRAL,"Hotel was okay, nothing special. Check www.fakehotel.com"
R524,HOTEL_001,4,REJECT,"[""PRICE_MENTIONED""]",SENTIMENT_NEUTRAL,Loved the breakfast and the staff behavior. I paid 6000 per night
R525,HOTEL_001,2,REJECT,"[""EMAIL_MENTIONED""]",SENTIMENT_POSITIVE,"Not good, rooms were smelly. Contact: demo@yahoo.com"
R526,HOTEL_001,1,REJECT,"[""PRICE_MENTIONED""]",SENTIMENT_NEGATIVE,"Worst stay ever, very dirty rooms"
R527,HOTEL_001,3,REJECT,"[""PRICE_MENTIONED"", ""PHONE_NUMBER_MENTIONED""]",SENTIMENT_NEUTRAL,Rooms were fine but service was slow. I paid 6000 per night. My number is 912345...
R528,HOTEL_001,2,REJECT,"[""PRICE_MENTIONED""]",SENTIMENT_NEGATIVE,"Worst stay ever, very dirty rooms"
R529,HOTEL_001,1,REJECT,"[""PRICE_MENTIONED""]",SENTIMENT_NEGATIVE,"Worst stay ever, very dirty rooms"
R530,HOTEL_001,3,REJECT,"[""PRICE_MENTIONED"", ""PHONE_NUMBER_MENTIONED""]",SENTIMENT_POSITIVE,"Nothing great, nothing terrible. I paid 6000 per night. My number is 9123456789"
R531,HOTEL_001,5,REJECT,"[""EMAIL_MENTIONED""]",SENTIMENT_POSITIVE,"Very nice hotel, will visit again. Email me at test@gmail.com"
R532,HOTEL_001,3,PUBLISH,[],SENTIMENT_NEUTRAL,"Okay experience, food was average"
R533,HOTEL_001,4,PUBLISH,[],SENTIMENT_POSITIVE,"Great stay, very clean rooms and friendly staff"
R534,HOTEL_001,2,PUBLISH,[],SENTIMENT_NEGATIVE,"Bad experience, noisy at night"
R535,HOTEL_001,1,REJECT,"[""EMAIL_MENTIONED""]",SENTIMENT_NEGATIVE,"Terrible hotel, bathroom was dirty. Email me at test@gmail.com"
R536,HOTEL_001,3,REJECT,"[""PRICE_MENTIONED""]",SENTIMENT_NEUTRAL,"Average stay, decent location. Cost was ₹4500"
R537,HOTEL_001,3,REJECT,"[""PRICE_MENTIONED""]",SENTIMENT_NEUTRAL,"Hotel was okay, nothing special. Cost was ₹4500"
R538,HOTEL_001,3,REJECT,"[""PRICE_MENTIONED""]",SENTIMENT_NEUTRAL,"Okay experience, food was average. Cost was ₹4500"
R539,HOTEL_001,2,PUBLISH,[],SENTIMENT_NEGATIVE,"Bad experience, noisy at night"
R540,HOTEL_001,2,REJECT,"[""PRICE_MENTIONED"", ""LINK_MENTIONED""]",SENTIMENT_NEGATIVE,"Worst stay ever, very dirty rooms. More details at http://spamlink.com"
R541,HOTEL_001,2,REJECT,"[""PRICE_MENTIONED"", ""PHONE_NUMBER_MENTIONED""]",SENTIMENT_NEGATIVE,"Terrible hotel, bathroom was dirty. I paid 6000 per night. Call me at 9876543210"
R542,HOTEL_001,3,PUBLISH,[],SENTIMENT_NEUTRAL,"Okay experience, food was average"
R543,HOTEL_001,2,PUBLISH,[],SENTIMENT_NEGATIVE,"Terrible hotel, bathroom was dirty"
R544,HOTEL_001,1,REJECT,"[""PRICE_MENTIONED"", ""EMAIL_MENTIONED""]",SENTIMENT_NEGATIVE,"Worst stay ever, very dirty rooms. Price is too high for this hotel. Email me at..."
R545,HOTEL_001,3,PUBLISH,[],SENTIMENT_NEUTRAL,"Hotel was okay, nothing special"
R546,HOTEL_001,2,PUBLISH,[],SENTIMENT_NEGATIVE,"Bad experience, noisy at night"
R547,HOTEL_001,3,REJECT,"[""PRICE_MENTIONED"", ""PHONE_NUMBER_MENTIONED"", ""EMAIL_MENTIONED""]",SENTIMENT_POSITIVE,"Nothing great, nothing terrible. I paid 6000 per night. Call me at 9876543210. E..."
R548,HOTEL_001,5,REJECT,"[""PRICE_MENTIONED"", ""PHONE_NUMBER_MENTIONED""]",SENTIMENT_POSITIVE,"Very nice hotel, will visit again. I paid 6000 per night. Call me at 9876543210"
R549,HOTEL_001,3,REJECT,"[""PHONE_NUMBER_MENTIONED""]",SENTIMENT_NEUTRAL,"Okay experience, food was average. Call me at 9876543210"
R550,HOTEL_001,4,REJECT,"[""LINK_MENTIONED""]",SENTIMENT_POSITIVE,"Great stay, very clean rooms and friendly staff. Check www.fakehotel.com"
R551,HOTEL_001,3,PUBLISH,[],SENTIMENT_NEUTRAL,"Okay experience, food was average"
R552,HOTEL_001,3,REJECT,"[""PRICE_MENTIONED""]",SENTIMENT_NEUTRAL,"Okay experience, food was average. Tariff was 5000 INR"
R553,HOTEL_001,2,REJECT,"[""PHONE_NUMBER_MENTIONED"", ""EMAIL_MENTIONED""]",SENTIMENT_NEGATIVE,"Bad experience, noisy at night. My number is 9123456789. Contact: demo@yahoo.com"
R554,HOTEL_001,2,PUBLISH,[],SENTIMENT_NEGATIVE,Poor maintenance and rude staff
R555,HOTEL_001,4,REJECT,"[""PRICE_MENTIONED"", ""PHONE_NUMBER_MENTIONED""]",SENTIMENT_POSITIVE,"Very nice hotel, will visit again. Cost was ₹4500. Call me at 9876543210"
R556,HOTEL_001,4,PUBLISH,[],SENTIMENT_POSITIVE,Amazing service and clean bathroom
R557,HOTEL_001,4,PUBLISH,[],SENTIMENT_POSITIVE,Amazing service and clean bathroom
R558,HOTEL_001,3,PUBLISH,[],SENTIMENT_NEUTRAL,Rooms were fine but service was slow
R559,HOTEL_001,1,REJECT,"[""PRICE_MENTIONED"", ""PHONE_NUMBER_MENTIONED"", ""EMAIL_MENTIONED""]",SENTIMENT_NEGATIVE,"Bad experience, noisy at night. I paid 6000 per night. Call me at 9876543210. Em..."
R560,HOTEL_001,3,REJECT,"[""PRICE_MENTIONED""]",SENTIMENT_NEUTRAL,"Okay experience, food was average. Cost was ₹4500"
R561,HOTEL_001,5,REJECT,"[""PHONE_NUMBER_MENTIONED""]",SENTIMENT_POSITIVE,Excellent hotel with nice location. My number is 9123456789
R562,HOTEL_001,2,REJECT,"[""PRICE_MENTIONED""]",SENTIMENT_NEGATIVE,Poor maintenance and rude staff. Tariff was 5000 INR
R563,HOTEL_001,1,REJECT,"[""EMAIL_MENTIONED""]",SENTIMENT_NEGATIVE,"Bad experience, noisy at night. Email me at test@gmail.com"
R564,HOTEL_001,4,PUBLISH,[],SENTIMENT_NEUTRAL,Loved the breakfast and the staff behavior
R565,HOTEL_001,5,PUBLISH,[],SENTIMENT_NEUTRAL,Loved the breakfast and the staff behavior
R566,HOTEL_001,2,REJECT,"[""PHONE_NUMBER_MENTIONED""]",SENTIMENT_NEGATIVE,Poor maintenance and rude staff. My number is 9123456789
R567,HOTEL_001,4,PUBLISH,[],SENTIMENT_POSITIVE,Amazing service and clean bathroom
R568,HOTEL_001,3,PUBLISH,[],SENTIMENT_NEUTRAL,"Okay experience, food was average. Price is too high for this hotel"
R569,HOTEL_001,5,PUBLISH,[],SENTIMENT_POSITIVE,Excellent hotel with nice location
R570,HOTEL_001,3,PUBLISH,[],SENTIMENT_NEUTRAL,Rooms were fine but service was slow
R571,HOTEL_001,2,PUBLISH,[],SENTIMENT_NEGATIVE,"Terrible hotel, bathroom was dirty"
R572,HOTEL_001,3,REJECT,"[""EMAIL_MENTIONED""]",SENTIMENT_NEUTRAL,"Hotel was okay, nothing special. Email me at test@gmail.com"
R573,HOTEL_001,4,PUBLISH,[],SENTIMENT_POSITIVE,"Very nice hotel, will visit again"
R574,HOTEL_001,4,REJECT,"[""PHONE_NUMBER_MENTIONED""]",SENTIMENT_POSITIVE,"Very nice hotel, will visit again. Call me at 9876543210"
R575,HOTEL_001,3,PUBLISH,[],SENTIMENT_NEUTRAL,Rooms were fine but service was slow
R576,HOTEL_001,2,REJECT,"[""PRICE_MENTIONED""]",SENTIMENT_NEGATIVE,Poor maintenance and rude staff. Cost was ₹4500
R577,HOTEL_001,1,REJECT,"[""PHONE_NUMBER_MENTIONED""]",SENTIMENT_NEGATIVE,"Terrible hotel, bathroom was dirty. My number is 9123456789"
R578,HOTEL_001,1,REJECT,"[""PRICE_MENTIONED""]",SENTIMENT_NEGATIVE,"Worst stay ever, very dirty rooms"
R579,HOTEL_001,2,PUBLISH,[],SENTIMENT_NEGATIVE,"Bad experience, noisy at night"
R580,HOTEL_001,2,PUBLISH,[],SENTIMENT_NEGATIVE,"Terrible hotel, bathroom was dirty. Price is too high for this hotel"
R581,HOTEL_001,3,REJECT,"[""PRICE_MENTIONED""]",SENTIMENT_NEUTRAL,Rooms were fine but service was slow. Cost was ₹4500
R582,HOTEL_001,3,PUBLISH,[],SENTIMENT_NEUTRAL,"Average stay, decent location"
R583,HOTEL_001,3,PUBLISH,[],SENTIMENT_NEUTRAL,"Okay experience, food was average"
R584,HOTEL_001,2,PUBLISH,[],SENTIMENT_NEGATIVE,Poor maintenance and rude staff
R585,HOTEL_001,1,REJECT,"[""PRICE_MENTIONED""]",SENTIMENT_NEGATIVE,"Worst stay ever, very dirty rooms"
R586,HOTEL_001,1,PUBLISH,[],SENTIMENT_NEGATIVE,"Bad experience, noisy at night"
R587,HOTEL_001,1,REJECT,"[""LINK_MENTIONED""]",SENTIMENT_NEGATIVE,Poor maintenance and rude staff. Price is too high for this hotel. Check www.fak...
R588,HOTEL_001,1,PUBLISH,[],SENTIMENT_POSITIVE,"Not good, rooms were smelly"
R589,HOTEL_001,2,REJECT,"[""PRICE_MENTIONED""]",SENTIMENT_NEGATIVE,"Bad experience, noisy at night. Cost was ₹4500"
R590,HOTEL_001,2,PUBLISH,[],SENTIMENT_NEGATIVE,"Terrible hotel, bathroom was dirty"
R591,HOTEL_001,3,PUBLISH,[],SENTIMENT_NEUTRAL,"Average stay, decent location"
R592,HOTEL_001,2,REJECT,"[""EMAIL_MENTIONED""]",SENTIMENT_NEGATIVE,"Terrible hotel, bathroom was dirty. Price is too high for this hotel. Contact: d..."
R593,HOTEL_001,5,REJECT,"[""PRICE_MENTIONED"", ""EMAIL_MENTIONED""]",SENTIMENT_POSITIVE,Excellent hotel with nice location. Tariff was 5000 INR. Email me at test@gmail....
R594,HOTEL_001,3,REJECT,"[""PRICE_MENTIONED""]",SENTIMENT_NEUTRAL,"Hotel was okay, nothing special. Tariff was 5000 INR"
R595,HOTEL_001,1,REJECT,"[""PRICE_MENTIONED""]",SENTIMENT_NEGATIVE,"Worst stay ever, very dirty rooms. Tariff was 5000 INR"
R596,HOTEL_001,2,REJECT,"[""PRICE_MENTIONED""]",SENTIMENT_NEGATIVE,"Worst stay ever, very dirty rooms"
R597,HOTEL_001,3,PUBLISH,[],SENTIMENT_NEUTRAL,"Average stay, decent location"
R598,HOTEL_001,1,REJECT,"[""PRICE_MENTIONED"", ""PHONE_NUMBER_MENTIONED""]",SENTIMENT_POSITIVE,"Not good, rooms were smelly. I paid 6000 per night. My number is 9123456789"
R599,HOTEL_001,3,PUBLISH,[],SENTIMENT_NEUTRAL,"Average stay, decent location"
R600,HOTEL_001,3,PUBLISH,[],SENTIMENT_NEUTRAL,"Average stay, decent location"
R601,HOTEL_001,3,REJECT,"[""PHONE_NUMBER_MENTIONED""]",SENTIMENT_NEUTRAL,Rooms were fine but service was slow. Call me at 9876543210
R602,HOTEL_001,3,PUBLISH,[],SENTIMENT_NEUTRAL,"Okay experience, food was average"
R603,HOTEL_001,3,REJECT,"[""PHONE_NUMBER_MENTIONED"", ""EMAIL_MENTIONED""]",SENTIMENT_NEUTRAL,"Hotel was okay, nothing special. Price is too high for this hotel. My number is ..."
R604,HOTEL_001,1,PUBLISH,[],SENTIMENT_NEGATIVE,"Bad experience, noisy at night"
R605,HOTEL_001,3,PUBLISH,[],SENTIMENT_NEUTRAL,"Hotel was okay, nothing special"
R606,HOTEL_001,1,PUBLISH,[],SENTIMENT_POSITIVE,"Not good, rooms were smelly"
R607,HOTEL_001,3,REJECT,"[""PRICE_MENTIONED""]",SENTIMENT_NEUTRAL,Rooms were fine but service was slow. I paid 6000 per night
R608,HOTEL_001,1,REJECT,"[""PRICE_MENTIONED"", ""LINK_MENTIONED""]",SENTIMENT_NEGATIVE,"Worst stay ever, very dirty rooms. More details at http://spamlink.com"
R609,HOTEL_001,2,REJECT,"[""LINK_MENTIONED""]",SENTIMENT_NEGATIVE,"Terrible hotel, bathroom was dirty. More details at http://spamlink.com"
R610,HOTEL_001,4,PUBLISH,[],SENTIMENT_POSITIVE,Excellent hotel with nice location
R611,HOTEL_001,1,REJECT,"[""PHONE_NUMBER_MENTIONED""]",SENTIMENT_NEGATIVE,Poor maintenance and rude staff. Call me at 9876543210
R612,HOTEL_001,4,PUBLISH,[],SENTIMENT_NEUTRAL,Loved the breakfast and the staff behavior
R613,HOTEL_001,3,REJECT,"[""LINK_MENTIONED""]",SENTIMENT_NEUTRAL,"Hotel was okay, nothing special. Price is too high for this hotel. Check www.fak..."
R614,HOTEL_001,4,PUBLISH,[],SENTIMENT_POSITIVE,Excellent hotel with nice location
R615,HOTEL_001,5,REJECT,"[""LINK_MENTIONED""]",SENTIMENT_NEUTRAL,Loved the breakfast and the staff behavior. Check www.fakehotel.com
R616,HOTEL_001,1,REJECT,"[""PHONE_NUMBER_MENTIONED""]",SENTIMENT_NEGATIVE,Poor maintenance and rude staff. Price is too high for this hotel. Call me at 98...
R617,HOTEL_001,2,REJECT,"[""PRICE_MENTIONED""]",SENTIMENT_NEGATIVE,Poor maintenance and rude staff. I paid 6000 per night
R618,HOTEL_001,4,PUBLISH,[],SENTIMENT_POSITIVE,"Great stay, very clean rooms and friendly staff"
R619,HOTEL_001,3,REJECT,"[""PRICE_MENTIONED""]",SENTIMENT_NEUTRAL,"Average stay, decent location. Tariff was 5000 INR"
R620,HOTEL_001,2,REJECT,"[""PRICE_MENTIONED"", ""PHONE_NUMBER_MENTIONED""]",SENTIMENT_NEGATIVE,"Worst stay ever, very dirty rooms. My number is 9123456789"
R621,HOTEL_001,5,REJECT,"[""PRICE_MENTIONED""]",SENTIMENT_POSITIVE,Amazing service and clean bathroom. Tariff was 5000 INR
R622,HOTEL_001,4,PUBLISH,[],SENTIMENT_POSITIVE,Amazing service and clean bathroom
R623,HOTEL_001,5,PUBLISH,[],SENTIMENT_POSITIVE,"Very nice hotel, will visit again. Price is too high for this hotel"
R624,HOTEL_001,3,REJECT,"[""PRICE_MENTIONED""]",SENTIMENT_NEUTRAL,"Hotel was okay, nothing special. Cost was ₹4500"
R625,HOTEL_001,2,PUBLISH,[],SENTIMENT_NEGATIVE,Poor maintenance and rude staff
R626,HOTEL_001,4,PUBLISH,[],SENTIMENT_POSITIVE,Excellent hotel with nice location
R627,HOTEL_001,5,PUBLISH,[],SENTIMENT_POSITIVE,"Great stay, very clean rooms and friendly staff"
R628,HOTEL_001,1,PUBLISH,[],SENTIMENT_NEGATIVE,Poor maintenance and rude staff
R629,HOTEL_001,1,PUBLISH,[],SENTIMENT_NEGATIVE,"Bad experience, noisy at night"
R630,HOTEL_001,3,REJECT,"[""PRICE_MENTIONED"", ""EMAIL_MENTIONED"", ""LINK_MENTIONED""]",SENTIMENT_NEUTRAL,"Hotel was okay, nothing special. I paid 6000 per night. Email me at test@gmail.c..."
R631,HOTEL_001,4,PUBLISH,[],SENTIMENT_POSITIVE,Excellent hotel with nice location. Price is too high for this hotel
R632,HOTEL_001,3,PUBLISH,[],SENTIMENT_NEUTRAL,Rooms were fine but service was slow
R633,HOTEL_001,1,REJECT,"[""PRICE_MENTIONED"", ""EMAIL_MENTIONED""]",SENTIMENT_POSITIVE,"Not good, rooms were smelly. Cost was ₹4500. Email me at test@gmail.com"
R634,HOTEL_001,5,PUBLISH,[],SENTIMENT_POSITIVE,Excellent hotel with nice location
R635,HOTEL_001,3,REJECT,"[""PHONE_NUMBER_MENTIONED""]",SENTIMENT_NEUTRAL,"Okay experience, food was average. Call me at 9876543210"
R636,HOTEL_001,3,PUBLISH,[],SENTIMENT_NEUTRAL,"Average stay, decent location. Price is too high for this hotel"
R637,HOTEL_001,4,PUBLISH,[],SENTIMENT_POSITIVE,"Great stay, very clean rooms and friendly staff"
R638,HOTEL_001,3,PUBLISH,[],SENTIMENT_NEUTRAL,"Average stay, decent location"
R639,HOTEL_001,4,REJECT,"[""PRICE_MENTIONED""]",SENTIMENT_POSITIVE,"Great stay, very clean rooms and friendly staff. Cost was ₹4500"
R640,HOTEL_001,3,PUBLISH,[],SENTIMENT_NEUTRAL,Rooms were fine but service was slow
R641,HOTEL_001,4,REJECT,"[""EMAIL_MENTIONED""]",SENTIMENT_POSITIVE,"Great stay, very clean rooms and friendly staff. Email me at test@gmail.com"
R642,HOTEL_001,4,PUBLISH,[],SENTIMENT_POSITIVE,"Very nice hotel, will visit again"
R643,HOTEL_001,3,PUBLISH,[],SENTIMENT_NEUTRAL,"Average stay, decent location"
R644,HOTEL_001,5,REJECT,"[""PRICE_MENTIONED"", ""EMAIL_MENTIONED""]",SENTIMENT_POSITIVE,"Great stay, very clean rooms and friendly staff. I paid 6000 per night. Contact:..."
R645,HOTEL_001,3,PUBLISH,[],SENTIMENT_NEUTRAL,"Okay experience, food was average"
R646,HOTEL_001,3,REJECT,"[""PRICE_MENTIONED""]",SENTIMENT_NEUTRAL,"Hotel was okay, nothing special. Cost was ₹4500"
R647,HOTEL_001,5,PUBLISH,[],SENTIMENT_POSITIVE,"Very nice hotel, will visit again"
R648,HOTEL_001,2,PUBLISH,[],SENTIMENT_NEGATIVE,"Bad experience, noisy at night"
R649,HOTEL_001,5,PUBLISH,[],SENTIMENT_POSITIVE,Excellent hotel with nice location
R650,HOTEL_001,5,REJECT,"[""PRICE_MENTIONED""]",SENTIMENT_POSITIVE,Excellent hotel with nice location. Cost was ₹4500
R651,HOTEL_001,2,PUBLISH,[],SENTIMENT_NEGATIVE,Poor maintenance and rude staff. Price is too high for this hotel
R652,HOTEL_001,1,REJECT,"[""PRICE_MENTIONED""]",SENTIMENT_NEGATIVE,"Worst stay ever, very dirty rooms"
R653,HOTEL_001,3,PUBLISH,[],SENTIMENT_NEUTRAL,Rooms were fine but service was slow
R654,HOTEL_001,2,PUBLISH,[],SENTIMENT_POSITIVE,"Not good, rooms were smelly"
R655,HOTEL_001,5,REJECT,"[""LINK_MENTIONED""]",SENTIMENT_POSITIVE,"Very nice hotel, will visit again. Price is too high for this hotel. More detail..."
R656,HOTEL_001,2,REJECT,"[""PRICE_MENTIONED""]",SENTIMENT_NEGATIVE,"Worst stay ever, very dirty rooms"
R657,HOTEL_001,4,REJECT,"[""PRICE_MENTIONED""]",SENTIMENT_POSITIVE,Excellent hotel with nice location. Cost was ₹4500
R658,HOTEL_001,1,REJECT,"[""PRICE_MENTIONED""]",SENTIMENT_NEGATIVE,"Worst stay ever, very dirty rooms"
R659,HOTEL_001,4,PUBLISH,[],SENTIMENT_NEUTRAL,Loved the breakfast and the staff behavior
R660,HOTEL_001,3,REJECT,"[""EMAIL_MENTIONED""]",SENTIMENT_NEUTRAL,Rooms were fine but service was slow. Contact: demo@yahoo.com
R661,HOTEL_001,4,PUBLISH,[],SENTIMENT_POSITIVE,"Very nice hotel, will visit again. Price is too high for this hotel"
R662,HOTEL_001,1,REJECT,"[""LINK_MENTIONED""]",SENTIMENT_NEGATIVE,Poor maintenance and rude staff. More details at http://spamlink.com
R663,HOTEL_001,3,REJECT,"[""PRICE_MENTIONED"", ""LINK_MENTIONED""]",SENTIMENT_NEUTRAL,"Hotel was okay, nothing special. Cost was ₹4500. Check www.fakehotel.com"
R664,HOTEL_001,1,REJECT,"[""PRICE_MENTIONED""]",SENTIMENT_NEGATIVE,"Worst stay ever, very dirty rooms. Tariff was 5000 INR"
R665,HOTEL_001,3,PUBLISH,[],SENTIMENT_NEUTRAL,"Average stay, decent location"
R666,HOTEL_001,1,PUBLISH,[],SENTIMENT_NEGATIVE,"Bad experience, noisy at night. Price is too high for this hotel"
R667,HOTEL_001,3,REJECT,"[""PHONE_NUMBER_MENTIONED""]",SENTIMENT_NEUTRAL,Rooms were fine but service was slow. My number is 9123456789
R668,HOTEL_001,4,REJECT,"[""PHONE_NUMBER_MENTIONED""]",SENTIMENT_POSITIVE,Amazing service and clean bathroom. Call me at 9876543210
R669,HOTEL_001,5,REJECT,"[""PRICE_MENTIONED""]",SENTIMENT_POSITIVE,Excellent hotel with nice location. I paid 6000 per night
R670,HOTEL_001,3,PUBLISH,[],SENTIMENT_NEUTRAL,"Okay experience, food was average"
R671,HOTEL_001,5,PUBLISH,[],SENTIMENT_POSITIVE,Excellent hotel with nice location
R672,HOTEL_001,5,PUBLISH,[],SENTIMENT_POSITIVE,"Great stay, very clean rooms and friendly staff"
R673,HOTEL_001,3,REJECT,"[""EMAIL_MENTIONED""]",SENTIMENT_NEUTRAL,"Average stay, decent location. Email me at test@gmail.com"
R674,HOTEL_001,1,REJECT,"[""PHONE_NUMBER_MENTIONED""]",SENTIMENT_NEGATIVE,"Bad experience, noisy at night. My number is 9123456789"
R675,HOTEL_001,1,PUBLISH,[],SENTIMENT_NEGATIVE,"Terrible hotel, bathroom was dirty. Price is too high for this hotel"
R676,HOTEL_001,4,REJECT,"[""PRICE_MENTIONED""]",SENTIMENT_POSITIVE,"Great stay, very clean rooms and friendly staff. I paid 6000 per night"
R677,HOTEL_001,1,PUBLISH,[],SENTIMENT_NEGATIVE,Poor maintenance and rude staff. Price is too high for this hotel
R678,HOTEL_001,5,PUBLISH,[],SENTIMENT_NEUTRAL,Loved the breakfast and the staff behavior
R679,HOTEL_001,1,PUBLISH,[],SENTIMENT_POSITIVE,"Not good, rooms were smelly"
R680,HOTEL_001,4,PUBLISH,[],SENTIMENT_POSITIVE,Excellent hotel with nice location
R681,HOTEL_001,4,REJECT,"[""PHONE_NUMBER_MENTIONED"", ""LINK_MENTIONED""]",SENTIMENT_NEUTRAL,Loved the breakfast and the staff behavior. Price is too high for this hotel. Ca...
R682,HOTEL_001,2,REJECT,"[""PHONE_NUMBER_MENTIONED""]",SENTIMENT_NEGATIVE,"Terrible hotel, bathroom was dirty. My number is 9123456789"
R683,HOTEL_001,3,REJECT,"[""PHONE_NUMBER_MENTIONED""]",SENTIMENT_NEUTRAL,"Average stay, decent location. Price is too high for this hotel. My number is 91..."
R684,HOTEL_001,1,REJECT,"[""PRICE_MENTIONED"", ""PHONE_NUMBER_MENTIONED""]",SENTIMENT_NEGATIVE,Poor maintenance and rude staff. I paid 6000 per night. Call me at 9876543210
R685,HOTEL_001,2,REJECT,"[""EMAIL_MENTIONED""]",SENTIMENT_NEGATIVE,"Terrible hotel, bathroom was dirty. Email me at test@gmail.com"
R686,HOTEL_001,3,REJECT,"[""PHONE_NUMBER_MENTIONED""]",SENTIMENT_NEUTRAL,"Okay experience, food was average. My number is 9123456789"
R687,HOTEL_001,3,PUBLISH,[],SENTIMENT_NEUTRAL,"Average stay, decent location"
R688,HOTEL_001,5,PUBLISH,[],SENTIMENT_POSITIVE,Excellent hotel with nice location. Price is too high for this hotel
R689,HOTEL_001,2,REJECT,"[""PHONE_NUMBER_MENTIONED""]",SENTIMENT_NEGATIVE,Poor maintenance and rude staff. My number is 9123456789
R690,HOTEL_001,5,PUBLISH,[],SENTIMENT_POSITIVE,"Great stay, very clean rooms and friendly staff"
R691,HOTEL_001,5,REJECT,"[""EMAIL_MENTIONED""]",SENTIMENT_POSITIVE,"Very nice hotel, will visit again. Contact: demo@yahoo.com"
R692,HOTEL_001,3,PUBLISH,[],SENTIMENT_NEUTRAL,"Okay experience, food was average"
R693,HOTEL_001,2,REJECT,"[""PHONE_NUMBER_MENTIONED""]",SENTIMENT_NEGATIVE,Poor maintenance and rude staff. My number is 9123456789
R694,HOTEL_001,5,REJECT,"[""PRICE_MENTIONED""]",SENTIMENT_NEUTRAL,Loved the breakfast and the staff behavior. Cost was ₹4500
R695,HOTEL_001,3,PUBLISH,[],SENTIMENT_NEUTRAL,"Average stay, decent location"
R696,HOTEL_001,3,PUBLISH,[],SENTIMENT_NEUTRAL,"Hotel was okay, nothing special"
R697,HOTEL_001,5,REJECT,"[""PRICE_MENTIONED""]",SENTIMENT_POSITIVE,"Very nice hotel, will visit again. Tariff was 5000 INR"
R698,HOTEL_001,2,REJECT,"[""PRICE_MENTIONED""]",SENTIMENT_NEGATIVE,"Worst stay ever, very dirty rooms"
R699,HOTEL_001,3,REJECT,"[""PRICE_MENTIONED"", ""LINK_MENTIONED""]",SENTIMENT_NEUTRAL,"Average stay, decent location. I paid 6000 per night. More details at http://spa..."
R700,HOTEL_001,5,PUBLISH,[],SENTIMENT_POSITIVE,"Very nice hotel, will visit again"
R701,HOTEL_001,3,REJECT,"[""LINK_MENTIONED""]",SENTIMENT_NEUTRAL,"Hotel was okay, nothing special. More details at http://spamlink.com"
R702,HOTEL_001,5,PUBLISH,[],SENTIMENT_POSITIVE,Amazing service and clean bathroom
R703,HOTEL_001,1,PUBLISH,[],SENTIMENT_NEGATIVE,Poor maintenance and rude staff
R704,HOTEL_001,4,PUBLISH,[],SENTIMENT_POSITIVE,Amazing service and clean bathroom
R705,HOTEL_001,3,PUBLISH,[],SENTIMENT_NEUTRAL,"Okay experience, food was average"
R706,HOTEL_001,2,REJECT,"[""PRICE_MENTIONED""]",SENTIMENT_NEGATIVE,"Terrible hotel, bathroom was dirty. I paid 6000 per night"
R707,HOTEL_001,4,PUBLISH,[],SENTIMENT_POSITIVE,"Great stay, very clean rooms and friendly staff"
R708,HOTEL_001,3,PUBLISH,[],SENTIMENT_POSITIVE,"Nothing great, nothing terrible"
R709,HOTEL_001,3,REJECT,"[""PHONE_NUMBER_MENTIONED""]",SENTIMENT_NEUTRAL,"Hotel was okay, nothing special. Call me at 9876543210"
R710,HOTEL_001,4,REJECT,"[""PHONE_NUMBER_MENTIONED""]",SENTIMENT_POSITIVE,Excellent hotel with nice location. My number is 9123456789
R711,HOTEL_001,3,REJECT,"[""PRICE_MENTIONED"", ""EMAIL_MENTIONED""]",SENTIMENT_NEUTRAL,Rooms were fine but service was slow. I paid 6000 per night. Contact: demo@yahoo...
R712,HOTEL_001,2,REJECT,"[""PRICE_MENTIONED""]",SENTIMENT_NEGATIVE,Poor maintenance and rude staff. Tariff was 5000 INR
R713,HOTEL_001,1,REJECT,"[""PRICE_MENTIONED""]",SENTIMENT_NEGATIVE,"Worst stay ever, very dirty rooms"
R714,HOTEL_001,1,REJECT,"[""LINK_MENTIONED""]",SENTIMENT_NEGATIVE,Poor maintenance and rude staff. Check www.fakehotel.com
R715,HOTEL_001,3,REJECT,"[""PHONE_NUMBER_MENTIONED""]",SENTIMENT_NEUTRAL,"Hotel was okay, nothing special. Call me at 9876543210"
R716,HOTEL_001,2,PUBLISH,[],SENTIMENT_POSITIVE,"Not good, rooms were smelly"
